{"directed": false, "multigraph": false, "graph": {}, "nodes": [{"id": 0}, {"id": 1}, {"id": 2}, {"id": 3}, {"id": 4}, {"id": 5}, {"id": 6}, {"id": 7}], "links": [{"weight": 8.0, "source": 0, "target": 2}, {"weight": 5.0, "source": 0, "target": 4}, {"weight": 6.0, "source": 0, "target": 5}, {"weight": 7.0, "source": 0, "target": 6}, {"weight": 10.0, "source": 1, "target": 2}, {"weight": 7.0, "source": 1, "target": 4}, {"weight": 2.0, "source": 1, "target": 7}, {"weight": 2.0, "source": 2, "target": 3}, {"weight": 7.0, "source": 2, "target": 5}, {"weight": 9.0, "source": 2, "target": 6}, {"weight": 10.0, "source": 2, "target": 7}, {"weight": 2.0, "source": 3, "target": 5}, {"weight": 7.0, "source": 3, "target": 6}, {"weight": 1.0, "source": 3, "target": 7}, {"weight": 8.0, "source": 4, "target": 7}, {"weight": 7.0, "source": 5, "target": 6}, {"weight": 10.0, "source": 6, "target": 7}]}