{"directed": false, "multigraph": false, "graph": {}, "nodes": [{"id": 0}, {"id": 1}, {"id": 2}, {"id": 3}, {"id": 4}, {"id": 5}], "links": [{"weight": 5.0, "source": 0, "target": 1}, {"weight": 8.0, "source": 0, "target": 3}, {"weight": 7.0, "source": 0, "target": 4}, {"weight": 6.0, "source": 0, "target": 5}, {"weight": 5.0, "source": 1, "target": 2}, {"weight": 4.0, "source": 1, "target": 5}, {"weight": 8.0, "source": 2, "target": 4}, {"weight": 10.0, "source": 2, "target": 5}, {"weight": 3.0, "source": 3, "target": 4}, {"weight": 9.0, "source": 3, "target": 5}, {"weight": 4.0, "source": 4, "target": 5}]}