{"directed": false, "multigraph": false, "graph": {}, "nodes": [{"id": 0}, {"id": 1}, {"id": 2}, {"id": 3}, {"id": 4}, {"id": 5}, {"id": 6}, {"id": 7}, {"id": 8}, {"id": 9}, {"id": 10}, {"id": 11}, {"id": 12}, {"id": 13}, {"id": 14}, {"id": 15}, {"id": 16}, {"id": 17}, {"id": 18}, {"id": 19}], "links": [{"weight": 6.0, "source": 0, "target": 1}, {"weight": 7.0, "source": 0, "target": 2}, {"weight": 1.0, "source": 0, "target": 4}, {"weight": 1.0, "source": 0, "target": 5}, {"weight": 8.0, "source": 0, "target": 6}, {"weight": 6.0, "source": 0, "target": 7}, {"weight": 8.0, "source": 0, "target": 8}, {"weight": 8.0, "source": 0, "target": 10}, {"weight": 4.0, "source": 0, "target": 11}, {"weight": 7.0, "source": 0, "target": 14}, {"weight": 5.0, "source": 0, "target": 16}, {"weight": 6.0, "source": 0, "target": 18}, {"weight": 1.0, "source": 0, "target": 19}, {"weight": 4.0, "source": 1, "target": 2}, {"weight": 10.0, "source": 1, "target": 3}, {"weight": 9.0, "source": 1, "target": 4}, {"weight": 10.0, "source": 1, "target": 5}, {"weight": 9.0, "source": 1, "target": 6}, {"weight": 10.0, "source": 1, "target": 7}, {"weight": 5.0, "source": 1, "target": 9}, {"weight": 4.0, "source": 1, "target": 15}, {"weight": 3.0, "source": 1, "target": 16}, {"weight": 1.0, "source": 1, "target": 17}, {"weight": 7.0, "source": 1, "target": 19}, {"weight": 2.0, "source": 2, "target": 3}, {"weight": 1.0, "source": 2, "target": 4}, {"weight": 4.0, "source": 2, "target": 6}, {"weight": 9.0, "source": 2, "target": 8}, {"weight": 2.0, "source": 2, "target": 11}, {"weight": 2.0, "source": 2, "target": 12}, {"weight": 5.0, "source": 2, "target": 13}, {"weight": 3.0, "source": 2, "target": 14}, {"weight": 8.0, "source": 2, "target": 15}, {"weight": 7.0, "source": 2, "target": 16}, {"weight": 1.0, "source": 2, "target": 17}, {"weight": 1.0, "source": 2, "target": 19}, {"weight": 6.0, "source": 3, "target": 4}, {"weight": 5.0, "source": 3, "target": 7}, {"weight": 1.0, "source": 3, "target": 8}, {"weight": 10.0, "source": 3, "target": 9}, {"weight": 1.0, "source": 3, "target": 12}, {"weight": 3.0, "source": 3, "target": 13}, {"weight": 5.0, "source": 3, "target": 14}, {"weight": 3.0, "source": 3, "target": 15}, {"weight": 8.0, "source": 3, "target": 16}, {"weight": 3.0, "source": 3, "target": 18}, {"weight": 3.0, "source": 3, "target": 19}, {"weight": 3.0, "source": 4, "target": 5}, {"weight": 4.0, "source": 4, "target": 6}, {"weight": 10.0, "source": 4, "target": 8}, {"weight": 9.0, "source": 4, "target": 10}, {"weight": 10.0, "source": 4, "target": 11}, {"weight": 1.0, "source": 4, "target": 13}, {"weight": 3.0, "source": 4, "target": 16}, {"weight": 1.0, "source": 4, "target": 17}, {"weight": 6.0, "source": 4, "target": 19}, {"weight": 9.0, "source": 5, "target": 11}, {"weight": 9.0, "source": 5, "target": 13}, {"weight": 1.0, "source": 5, "target": 14}, {"weight": 5.0, "source": 5, "target": 15}, {"weight": 3.0, "source": 5, "target": 16}, {"weight": 1.0, "source": 5, "target": 17}, {"weight": 5.0, "source": 5, "target": 18}, {"weight": 10.0, "source": 5, "target": 19}, {"weight": 6.0, "source": 6, "target": 8}, {"weight": 1.0, "source": 6, "target": 9}, {"weight": 5.0, "source": 6, "target": 10}, {"weight": 8.0, "source": 6, "target": 11}, {"weight": 6.0, "source": 6, "target": 12}, {"weight": 1.0, "source": 6, "target": 15}, {"weight": 4.0, "source": 6, "target": 16}, {"weight": 8.0, "source": 6, "target": 17}, {"weight": 7.0, "source": 6, "target": 19}, {"weight": 6.0, "source": 7, "target": 8}, {"weight": 4.0, "source": 7, "target": 9}, {"weight": 1.0, "source": 7, "target": 10}, {"weight": 4.0, "source": 7, "target": 12}, {"weight": 6.0, "source": 7, "target": 13}, {"weight": 1.0, "source": 7, "target": 14}, {"weight": 5.0, "source": 7, "target": 18}, {"weight": 7.0, "source": 8, "target": 9}, {"weight": 3.0, "source": 8, "target": 10}, {"weight": 4.0, "source": 8, "target": 11}, {"weight": 7.0, "source": 8, "target": 13}, {"weight": 10.0, "source": 8, "target": 14}, {"weight": 6.0, "source": 8, "target": 15}, {"weight": 10.0, "source": 8, "target": 17}, {"weight": 9.0, "source": 8, "target": 18}, {"weight": 5.0, "source": 8, "target": 19}, {"weight": 3.0, "source": 9, "target": 10}, {"weight": 4.0, "source": 9, "target": 12}, {"weight": 7.0, "source": 9, "target": 13}, {"weight": 5.0, "source": 9, "target": 14}, {"weight": 1.0, "source": 9, "target": 15}, {"weight": 5.0, "source": 9, "target": 17}, {"weight": 8.0, "source": 9, "target": 18}, {"weight": 7.0, "source": 9, "target": 19}, {"weight": 8.0, "source": 10, "target": 12}, {"weight": 2.0, "source": 10, "target": 14}, {"weight": 10.0, "source": 10, "target": 15}, {"weight": 6.0, "source": 10, "target": 18}, {"weight": 9.0, "source": 10, "target": 19}, {"weight": 2.0, "source": 11, "target": 12}, {"weight": 2.0, "source": 11, "target": 14}, {"weight": 10.0, "source": 11, "target": 15}, {"weight": 5.0, "source": 11, "target": 16}, {"weight": 8.0, "source": 11, "target": 17}, {"weight": 10.0, "source": 11, "target": 18}, {"weight": 9.0, "source": 11, "target": 19}, {"weight": 6.0, "source": 12, "target": 14}, {"weight": 5.0, "source": 12, "target": 15}, {"weight": 5.0, "source": 12, "target": 16}, {"weight": 2.0, "source": 12, "target": 17}, {"weight": 5.0, "source": 12, "target": 18}, {"weight": 6.0, "source": 12, "target": 19}, {"weight": 2.0, "source": 13, "target": 14}, {"weight": 9.0, "source": 13, "target": 15}, {"weight": 9.0, "source": 13, "target": 17}, {"weight": 8.0, "source": 13, "target": 18}, {"weight": 5.0, "source": 13, "target": 19}, {"weight": 2.0, "source": 14, "target": 15}, {"weight": 8.0, "source": 14, "target": 17}, {"weight": 2.0, "source": 14, "target": 19}, {"weight": 3.0, "source": 15, "target": 16}, {"weight": 10.0, "source": 15, "target": 17}, {"weight": 4.0, "source": 15, "target": 18}, {"weight": 7.0, "source": 16, "target": 17}, {"weight": 4.0, "source": 17, "target": 19}, {"weight": 6.0, "source": 18, "target": 19}]}