{"directed": false, "multigraph": false, "graph": {}, "nodes": [{"id": 0}, {"id": 1}, {"id": 2}, {"id": 3}, {"id": 4}, {"id": 5}, {"id": 6}, {"id": 7}, {"id": 8}, {"id": 9}, {"id": 10}, {"id": 11}, {"id": 12}, {"id": 13}, {"id": 14}, {"id": 15}, {"id": 16}, {"id": 17}, {"id": 18}, {"id": 19}, {"id": 20}, {"id": 21}, {"id": 22}, {"id": 23}, {"id": 24}, {"id": 25}, {"id": 26}, {"id": 27}, {"id": 28}, {"id": 29}, {"id": 30}, {"id": 31}, {"id": 32}, {"id": 33}, {"id": 34}, {"id": 35}, {"id": 36}, {"id": 37}, {"id": 38}, {"id": 39}, {"id": 40}, {"id": 41}, {"id": 42}, {"id": 43}, {"id": 44}, {"id": 45}, {"id": 46}, {"id": 47}, {"id": 48}, {"id": 49}, {"id": 50}, {"id": 51}, {"id": 52}, {"id": 53}, {"id": 54}, {"id": 55}, {"id": 56}, {"id": 57}, {"id": 58}, {"id": 59}, {"id": 60}, {"id": 61}, {"id": 62}, {"id": 63}, {"id": 64}, {"id": 65}], "links": [{"weight": 9.0, "source": 0, "target": 1}, {"weight": 10.0, "source": 0, "target": 2}, {"weight": 5.0, "source": 0, "target": 3}, {"weight": 4.0, "source": 0, "target": 4}, {"weight": 8.0, "source": 0, "target": 5}, {"weight": 8.0, "source": 0, "target": 6}, {"weight": 10.0, "source": 0, "target": 8}, {"weight": 7.0, "source": 0, "target": 9}, {"weight": 8.0, "source": 0, "target": 10}, {"weight": 8.0, "source": 0, "target": 13}, {"weight": 8.0, "source": 0, "target": 16}, {"weight": 7.0, "source": 0, "target": 18}, {"weight": 6.0, "source": 0, "target": 19}, {"weight": 7.0, "source": 0, "target": 22}, {"weight": 1.0, "source": 0, "target": 23}, {"weight": 10.0, "source": 0, "target": 24}, {"weight": 6.0, "source": 0, "target": 25}, {"weight": 10.0, "source": 0, "target": 26}, {"weight": 5.0, "source": 0, "target": 28}, {"weight": 2.0, "source": 0, "target": 29}, {"weight": 2.0, "source": 0, "target": 30}, {"weight": 8.0, "source": 0, "target": 31}, {"weight": 8.0, "source": 0, "target": 32}, {"weight": 6.0, "source": 0, "target": 34}, {"weight": 5.0, "source": 0, "target": 35}, {"weight": 3.0, "source": 0, "target": 36}, {"weight": 2.0, "source": 0, "target": 37}, {"weight": 4.0, "source": 0, "target": 38}, {"weight": 3.0, "source": 0, "target": 40}, {"weight": 6.0, "source": 0, "target": 41}, {"weight": 8.0, "source": 0, "target": 44}, {"weight": 6.0, "source": 0, "target": 45}, {"weight": 7.0, "source": 0, "target": 46}, {"weight": 6.0, "source": 0, "target": 48}, {"weight": 1.0, "source": 0, "target": 50}, {"weight": 2.0, "source": 0, "target": 53}, {"weight": 10.0, "source": 0, "target": 54}, {"weight": 3.0, "source": 0, "target": 55}, {"weight": 3.0, "source": 0, "target": 56}, {"weight": 9.0, "source": 0, "target": 57}, {"weight": 7.0, "source": 0, "target": 58}, {"weight": 4.0, "source": 0, "target": 60}, {"weight": 8.0, "source": 0, "target": 62}, {"weight": 2.0, "source": 0, "target": 64}, {"weight": 4.0, "source": 1, "target": 2}, {"weight": 3.0, "source": 1, "target": 4}, {"weight": 1.0, "source": 1, "target": 5}, {"weight": 1.0, "source": 1, "target": 7}, {"weight": 1.0, "source": 1, "target": 8}, {"weight": 10.0, "source": 1, "target": 10}, {"weight": 10.0, "source": 1, "target": 11}, {"weight": 1.0, "source": 1, "target": 12}, {"weight": 6.0, "source": 1, "target": 13}, {"weight": 2.0, "source": 1, "target": 14}, {"weight": 3.0, "source": 1, "target": 17}, {"weight": 2.0, "source": 1, "target": 18}, {"weight": 4.0, "source": 1, "target": 19}, {"weight": 7.0, "source": 1, "target": 21}, {"weight": 5.0, "source": 1, "target": 23}, {"weight": 4.0, "source": 1, "target": 24}, {"weight": 1.0, "source": 1, "target": 25}, {"weight": 3.0, "source": 1, "target": 27}, {"weight": 3.0, "source": 1, "target": 28}, {"weight": 10.0, "source": 1, "target": 32}, {"weight": 6.0, "source": 1, "target": 33}, {"weight": 6.0, "source": 1, "target": 34}, {"weight": 8.0, "source": 1, "target": 35}, {"weight": 3.0, "source": 1, "target": 36}, {"weight": 2.0, "source": 1, "target": 37}, {"weight": 9.0, "source": 1, "target": 39}, {"weight": 5.0, "source": 1, "target": 40}, {"weight": 9.0, "source": 1, "target": 42}, {"weight": 1.0, "source": 1, "target": 43}, {"weight": 4.0, "source": 1, "target": 44}, {"weight": 4.0, "source": 1, "target": 45}, {"weight": 1.0, "source": 1, "target": 46}, {"weight": 3.0, "source": 1, "target": 47}, {"weight": 7.0, "source": 1, "target": 49}, {"weight": 6.0, "source": 1, "target": 54}, {"weight": 4.0, "source": 1, "target": 55}, {"weight": 5.0, "source": 1, "target": 56}, {"weight": 2.0, "source": 1, "target": 57}, {"weight": 9.0, "source": 1, "target": 58}, {"weight": 6.0, "source": 1, "target": 59}, {"weight": 10.0, "source": 1, "target": 61}, {"weight": 2.0, "source": 1, "target": 62}, {"weight": 4.0, "source": 1, "target": 64}, {"weight": 10.0, "source": 2, "target": 4}, {"weight": 7.0, "source": 2, "target": 8}, {"weight": 7.0, "source": 2, "target": 10}, {"weight": 3.0, "source": 2, "target": 11}, {"weight": 6.0, "source": 2, "target": 13}, {"weight": 9.0, "source": 2, "target": 14}, {"weight": 7.0, "source": 2, "target": 15}, {"weight": 2.0, "source": 2, "target": 17}, {"weight": 3.0, "source": 2, "target": 18}, {"weight": 8.0, "source": 2, "target": 19}, {"weight": 6.0, "source": 2, "target": 20}, {"weight": 4.0, "source": 2, "target": 21}, {"weight": 6.0, "source": 2, "target": 23}, {"weight": 4.0, "source": 2, "target": 26}, {"weight": 1.0, "source": 2, "target": 27}, {"weight": 5.0, "source": 2, "target": 28}, {"weight": 10.0, "source": 2, "target": 32}, {"weight": 4.0, "source": 2, "target": 33}, {"weight": 4.0, "source": 2, "target": 35}, {"weight": 1.0, "source": 2, "target": 36}, {"weight": 3.0, "source": 2, "target": 38}, {"weight": 8.0, "source": 2, "target": 40}, {"weight": 1.0, "source": 2, "target": 41}, {"weight": 3.0, "source": 2, "target": 43}, {"weight": 6.0, "source": 2, "target": 44}, {"weight": 7.0, "source": 2, "target": 45}, {"weight": 1.0, "source": 2, "target": 47}, {"weight": 4.0, "source": 2, "target": 49}, {"weight": 6.0, "source": 2, "target": 54}, {"weight": 3.0, "source": 2, "target": 55}, {"weight": 2.0, "source": 2, "target": 57}, {"weight": 10.0, "source": 2, "target": 58}, {"weight": 2.0, "source": 2, "target": 59}, {"weight": 1.0, "source": 2, "target": 60}, {"weight": 9.0, "source": 2, "target": 61}, {"weight": 5.0, "source": 2, "target": 62}, {"weight": 7.0, "source": 2, "target": 63}, {"weight": 6.0, "source": 2, "target": 64}, {"weight": 9.0, "source": 3, "target": 4}, {"weight": 7.0, "source": 3, "target": 5}, {"weight": 10.0, "source": 3, "target": 6}, {"weight": 3.0, "source": 3, "target": 7}, {"weight": 4.0, "source": 3, "target": 11}, {"weight": 4.0, "source": 3, "target": 12}, {"weight": 10.0, "source": 3, "target": 13}, {"weight": 10.0, "source": 3, "target": 14}, {"weight": 8.0, "source": 3, "target": 15}, {"weight": 6.0, "source": 3, "target": 17}, {"weight": 9.0, "source": 3, "target": 19}, {"weight": 1.0, "source": 3, "target": 20}, {"weight": 9.0, "source": 3, "target": 21}, {"weight": 5.0, "source": 3, "target": 23}, {"weight": 8.0, "source": 3, "target": 28}, {"weight": 10.0, "source": 3, "target": 29}, {"weight": 10.0, "source": 3, "target": 30}, {"weight": 8.0, "source": 3, "target": 31}, {"weight": 8.0, "source": 3, "target": 32}, {"weight": 10.0, "source": 3, "target": 33}, {"weight": 5.0, "source": 3, "target": 34}, {"weight": 7.0, "source": 3, "target": 36}, {"weight": 8.0, "source": 3, "target": 38}, {"weight": 6.0, "source": 3, "target": 39}, {"weight": 5.0, "source": 3, "target": 40}, {"weight": 5.0, "source": 3, "target": 43}, {"weight": 2.0, "source": 3, "target": 44}, {"weight": 7.0, "source": 3, "target": 45}, {"weight": 2.0, "source": 3, "target": 46}, {"weight": 8.0, "source": 3, "target": 48}, {"weight": 3.0, "source": 3, "target": 49}, {"weight": 8.0, "source": 3, "target": 50}, {"weight": 8.0, "source": 3, "target": 52}, {"weight": 7.0, "source": 3, "target": 53}, {"weight": 1.0, "source": 3, "target": 55}, {"weight": 4.0, "source": 3, "target": 56}, {"weight": 3.0, "source": 3, "target": 57}, {"weight": 2.0, "source": 3, "target": 59}, {"weight": 1.0, "source": 3, "target": 60}, {"weight": 2.0, "source": 3, "target": 61}, {"weight": 6.0, "source": 3, "target": 62}, {"weight": 5.0, "source": 3, "target": 63}, {"weight": 7.0, "source": 3, "target": 64}, {"weight": 7.0, "source": 4, "target": 6}, {"weight": 10.0, "source": 4, "target": 7}, {"weight": 1.0, "source": 4, "target": 11}, {"weight": 10.0, "source": 4, "target": 12}, {"weight": 2.0, "source": 4, "target": 13}, {"weight": 2.0, "source": 4, "target": 14}, {"weight": 7.0, "source": 4, "target": 15}, {"weight": 4.0, "source": 4, "target": 17}, {"weight": 9.0, "source": 4, "target": 18}, {"weight": 1.0, "source": 4, "target": 20}, {"weight": 1.0, "source": 4, "target": 21}, {"weight": 9.0, "source": 4, "target": 23}, {"weight": 4.0, "source": 4, "target": 24}, {"weight": 5.0, "source": 4, "target": 25}, {"weight": 10.0, "source": 4, "target": 27}, {"weight": 1.0, "source": 4, "target": 28}, {"weight": 9.0, "source": 4, "target": 29}, {"weight": 4.0, "source": 4, "target": 30}, {"weight": 10.0, "source": 4, "target": 32}, {"weight": 8.0, "source": 4, "target": 34}, {"weight": 8.0, "source": 4, "target": 35}, {"weight": 9.0, "source": 4, "target": 36}, {"weight": 7.0, "source": 4, "target": 37}, {"weight": 1.0, "source": 4, "target": 38}, {"weight": 8.0, "source": 4, "target": 40}, {"weight": 6.0, "source": 4, "target": 41}, {"weight": 6.0, "source": 4, "target": 43}, {"weight": 9.0, "source": 4, "target": 45}, {"weight": 9.0, "source": 4, "target": 46}, {"weight": 7.0, "source": 4, "target": 47}, {"weight": 10.0, "source": 4, "target": 48}, {"weight": 3.0, "source": 4, "target": 49}, {"weight": 2.0, "source": 4, "target": 50}, {"weight": 1.0, "source": 4, "target": 51}, {"weight": 10.0, "source": 4, "target": 52}, {"weight": 9.0, "source": 4, "target": 53}, {"weight": 2.0, "source": 4, "target": 54}, {"weight": 2.0, "source": 4, "target": 55}, {"weight": 6.0, "source": 4, "target": 57}, {"weight": 7.0, "source": 4, "target": 59}, {"weight": 4.0, "source": 4, "target": 60}, {"weight": 3.0, "source": 4, "target": 61}, {"weight": 6.0, "source": 4, "target": 62}, {"weight": 2.0, "source": 4, "target": 63}, {"weight": 2.0, "source": 4, "target": 65}, {"weight": 8.0, "source": 5, "target": 6}, {"weight": 4.0, "source": 5, "target": 7}, {"weight": 8.0, "source": 5, "target": 8}, {"weight": 9.0, "source": 5, "target": 9}, {"weight": 3.0, "source": 5, "target": 10}, {"weight": 5.0, "source": 5, "target": 11}, {"weight": 5.0, "source": 5, "target": 13}, {"weight": 4.0, "source": 5, "target": 14}, {"weight": 2.0, "source": 5, "target": 16}, {"weight": 2.0, "source": 5, "target": 17}, {"weight": 8.0, "source": 5, "target": 22}, {"weight": 4.0, "source": 5, "target": 23}, {"weight": 4.0, "source": 5, "target": 24}, {"weight": 3.0, "source": 5, "target": 25}, {"weight": 10.0, "source": 5, "target": 26}, {"weight": 2.0, "source": 5, "target": 28}, {"weight": 10.0, "source": 5, "target": 29}, {"weight": 7.0, "source": 5, "target": 32}, {"weight": 8.0, "source": 5, "target": 33}, {"weight": 3.0, "source": 5, "target": 37}, {"weight": 4.0, "source": 5, "target": 38}, {"weight": 8.0, "source": 5, "target": 39}, {"weight": 2.0, "source": 5, "target": 40}, {"weight": 3.0, "source": 5, "target": 41}, {"weight": 10.0, "source": 5, "target": 42}, {"weight": 8.0, "source": 5, "target": 43}, {"weight": 9.0, "source": 5, "target": 44}, {"weight": 10.0, "source": 5, "target": 45}, {"weight": 8.0, "source": 5, "target": 48}, {"weight": 5.0, "source": 5, "target": 49}, {"weight": 5.0, "source": 5, "target": 50}, {"weight": 5.0, "source": 5, "target": 51}, {"weight": 1.0, "source": 5, "target": 53}, {"weight": 9.0, "source": 5, "target": 54}, {"weight": 2.0, "source": 5, "target": 55}, {"weight": 5.0, "source": 5, "target": 56}, {"weight": 7.0, "source": 5, "target": 57}, {"weight": 9.0, "source": 5, "target": 58}, {"weight": 9.0, "source": 5, "target": 60}, {"weight": 3.0, "source": 5, "target": 61}, {"weight": 4.0, "source": 5, "target": 62}, {"weight": 1.0, "source": 5, "target": 63}, {"weight": 2.0, "source": 5, "target": 64}, {"weight": 9.0, "source": 6, "target": 7}, {"weight": 1.0, "source": 6, "target": 8}, {"weight": 2.0, "source": 6, "target": 11}, {"weight": 10.0, "source": 6, "target": 13}, {"weight": 2.0, "source": 6, "target": 15}, {"weight": 5.0, "source": 6, "target": 16}, {"weight": 3.0, "source": 6, "target": 18}, {"weight": 7.0, "source": 6, "target": 22}, {"weight": 5.0, "source": 6, "target": 23}, {"weight": 10.0, "source": 6, "target": 24}, {"weight": 10.0, "source": 6, "target": 25}, {"weight": 3.0, "source": 6, "target": 27}, {"weight": 6.0, "source": 6, "target": 30}, {"weight": 4.0, "source": 6, "target": 31}, {"weight": 3.0, "source": 6, "target": 32}, {"weight": 9.0, "source": 6, "target": 33}, {"weight": 8.0, "source": 6, "target": 35}, {"weight": 3.0, "source": 6, "target": 37}, {"weight": 7.0, "source": 6, "target": 40}, {"weight": 10.0, "source": 6, "target": 43}, {"weight": 5.0, "source": 6, "target": 44}, {"weight": 6.0, "source": 6, "target": 46}, {"weight": 7.0, "source": 6, "target": 47}, {"weight": 7.0, "source": 6, "target": 48}, {"weight": 1.0, "source": 6, "target": 51}, {"weight": 4.0, "source": 6, "target": 52}, {"weight": 1.0, "source": 6, "target": 53}, {"weight": 7.0, "source": 6, "target": 54}, {"weight": 1.0, "source": 6, "target": 56}, {"weight": 1.0, "source": 6, "target": 59}, {"weight": 3.0, "source": 6, "target": 60}, {"weight": 10.0, "source": 6, "target": 61}, {"weight": 2.0, "source": 6, "target": 62}, {"weight": 3.0, "source": 6, "target": 64}, {"weight": 1.0, "source": 6, "target": 65}, {"weight": 6.0, "source": 7, "target": 8}, {"weight": 1.0, "source": 7, "target": 9}, {"weight": 3.0, "source": 7, "target": 10}, {"weight": 4.0, "source": 7, "target": 11}, {"weight": 6.0, "source": 7, "target": 14}, {"weight": 3.0, "source": 7, "target": 15}, {"weight": 6.0, "source": 7, "target": 16}, {"weight": 5.0, "source": 7, "target": 17}, {"weight": 4.0, "source": 7, "target": 18}, {"weight": 7.0, "source": 7, "target": 19}, {"weight": 5.0, "source": 7, "target": 20}, {"weight": 5.0, "source": 7, "target": 21}, {"weight": 9.0, "source": 7, "target": 22}, {"weight": 8.0, "source": 7, "target": 23}, {"weight": 5.0, "source": 7, "target": 25}, {"weight": 5.0, "source": 7, "target": 30}, {"weight": 5.0, "source": 7, "target": 32}, {"weight": 6.0, "source": 7, "target": 33}, {"weight": 3.0, "source": 7, "target": 34}, {"weight": 4.0, "source": 7, "target": 37}, {"weight": 4.0, "source": 7, "target": 39}, {"weight": 9.0, "source": 7, "target": 41}, {"weight": 9.0, "source": 7, "target": 43}, {"weight": 1.0, "source": 7, "target": 45}, {"weight": 6.0, "source": 7, "target": 47}, {"weight": 10.0, "source": 7, "target": 48}, {"weight": 2.0, "source": 7, "target": 50}, {"weight": 2.0, "source": 7, "target": 51}, {"weight": 3.0, "source": 7, "target": 52}, {"weight": 8.0, "source": 7, "target": 54}, {"weight": 10.0, "source": 7, "target": 55}, {"weight": 9.0, "source": 7, "target": 56}, {"weight": 6.0, "source": 7, "target": 58}, {"weight": 6.0, "source": 7, "target": 60}, {"weight": 10.0, "source": 7, "target": 61}, {"weight": 10.0, "source": 8, "target": 10}, {"weight": 8.0, "source": 8, "target": 12}, {"weight": 2.0, "source": 8, "target": 13}, {"weight": 2.0, "source": 8, "target": 15}, {"weight": 5.0, "source": 8, "target": 16}, {"weight": 3.0, "source": 8, "target": 17}, {"weight": 3.0, "source": 8, "target": 18}, {"weight": 2.0, "source": 8, "target": 19}, {"weight": 5.0, "source": 8, "target": 20}, {"weight": 2.0, "source": 8, "target": 21}, {"weight": 6.0, "source": 8, "target": 22}, {"weight": 6.0, "source": 8, "target": 23}, {"weight": 8.0, "source": 8, "target": 24}, {"weight": 5.0, "source": 8, "target": 26}, {"weight": 10.0, "source": 8, "target": 27}, {"weight": 10.0, "source": 8, "target": 31}, {"weight": 2.0, "source": 8, "target": 32}, {"weight": 9.0, "source": 8, "target": 33}, {"weight": 1.0, "source": 8, "target": 35}, {"weight": 9.0, "source": 8, "target": 37}, {"weight": 3.0, "source": 8, "target": 38}, {"weight": 10.0, "source": 8, "target": 40}, {"weight": 6.0, "source": 8, "target": 41}, {"weight": 5.0, "source": 8, "target": 42}, {"weight": 10.0, "source": 8, "target": 46}, {"weight": 1.0, "source": 8, "target": 47}, {"weight": 9.0, "source": 8, "target": 49}, {"weight": 3.0, "source": 8, "target": 50}, {"weight": 10.0, "source": 8, "target": 52}, {"weight": 5.0, "source": 8, "target": 53}, {"weight": 6.0, "source": 8, "target": 54}, {"weight": 10.0, "source": 8, "target": 55}, {"weight": 4.0, "source": 8, "target": 56}, {"weight": 2.0, "source": 8, "target": 57}, {"weight": 5.0, "source": 8, "target": 58}, {"weight": 7.0, "source": 8, "target": 59}, {"weight": 5.0, "source": 8, "target": 60}, {"weight": 7.0, "source": 8, "target": 62}, {"weight": 2.0, "source": 8, "target": 63}, {"weight": 6.0, "source": 8, "target": 64}, {"weight": 9.0, "source": 9, "target": 11}, {"weight": 1.0, "source": 9, "target": 12}, {"weight": 6.0, "source": 9, "target": 14}, {"weight": 2.0, "source": 9, "target": 21}, {"weight": 4.0, "source": 9, "target": 23}, {"weight": 3.0, "source": 9, "target": 24}, {"weight": 10.0, "source": 9, "target": 25}, {"weight": 7.0, "source": 9, "target": 26}, {"weight": 2.0, "source": 9, "target": 27}, {"weight": 8.0, "source": 9, "target": 30}, {"weight": 5.0, "source": 9, "target": 31}, {"weight": 6.0, "source": 9, "target": 34}, {"weight": 8.0, "source": 9, "target": 35}, {"weight": 9.0, "source": 9, "target": 36}, {"weight": 8.0, "source": 9, "target": 37}, {"weight": 10.0, "source": 9, "target": 38}, {"weight": 4.0, "source": 9, "target": 40}, {"weight": 4.0, "source": 9, "target": 43}, {"weight": 10.0, "source": 9, "target": 44}, {"weight": 4.0, "source": 9, "target": 45}, {"weight": 7.0, "source": 9, "target": 46}, {"weight": 4.0, "source": 9, "target": 48}, {"weight": 9.0, "source": 9, "target": 50}, {"weight": 8.0, "source": 9, "target": 51}, {"weight": 5.0, "source": 9, "target": 53}, {"weight": 1.0, "source": 9, "target": 58}, {"weight": 10.0, "source": 9, "target": 61}, {"weight": 1.0, "source": 9, "target": 62}, {"weight": 9.0, "source": 9, "target": 63}, {"weight": 9.0, "source": 9, "target": 64}, {"weight": 7.0, "source": 9, "target": 65}, {"weight": 6.0, "source": 10, "target": 11}, {"weight": 1.0, "source": 10, "target": 12}, {"weight": 7.0, "source": 10, "target": 13}, {"weight": 8.0, "source": 10, "target": 14}, {"weight": 2.0, "source": 10, "target": 16}, {"weight": 1.0, "source": 10, "target": 18}, {"weight": 6.0, "source": 10, "target": 19}, {"weight": 3.0, "source": 10, "target": 22}, {"weight": 2.0, "source": 10, "target": 23}, {"weight": 3.0, "source": 10, "target": 25}, {"weight": 4.0, "source": 10, "target": 27}, {"weight": 5.0, "source": 10, "target": 28}, {"weight": 10.0, "source": 10, "target": 30}, {"weight": 6.0, "source": 10, "target": 31}, {"weight": 3.0, "source": 10, "target": 32}, {"weight": 9.0, "source": 10, "target": 33}, {"weight": 10.0, "source": 10, "target": 34}, {"weight": 8.0, "source": 10, "target": 36}, {"weight": 9.0, "source": 10, "target": 38}, {"weight": 3.0, "source": 10, "target": 39}, {"weight": 2.0, "source": 10, "target": 41}, {"weight": 3.0, "source": 10, "target": 42}, {"weight": 8.0, "source": 10, "target": 43}, {"weight": 6.0, "source": 10, "target": 44}, {"weight": 8.0, "source": 10, "target": 45}, {"weight": 1.0, "source": 10, "target": 46}, {"weight": 5.0, "source": 10, "target": 48}, {"weight": 2.0, "source": 10, "target": 49}, {"weight": 1.0, "source": 10, "target": 50}, {"weight": 4.0, "source": 10, "target": 52}, {"weight": 10.0, "source": 10, "target": 53}, {"weight": 1.0, "source": 10, "target": 56}, {"weight": 9.0, "source": 10, "target": 57}, {"weight": 9.0, "source": 10, "target": 58}, {"weight": 1.0, "source": 10, "target": 59}, {"weight": 8.0, "source": 10, "target": 60}, {"weight": 5.0, "source": 10, "target": 61}, {"weight": 4.0, "source": 10, "target": 62}, {"weight": 8.0, "source": 10, "target": 64}, {"weight": 7.0, "source": 10, "target": 65}, {"weight": 5.0, "source": 11, "target": 12}, {"weight": 9.0, "source": 11, "target": 13}, {"weight": 3.0, "source": 11, "target": 16}, {"weight": 2.0, "source": 11, "target": 17}, {"weight": 5.0, "source": 11, "target": 18}, {"weight": 6.0, "source": 11, "target": 19}, {"weight": 6.0, "source": 11, "target": 20}, {"weight": 8.0, "source": 11, "target": 22}, {"weight": 5.0, "source": 11, "target": 24}, {"weight": 8.0, "source": 11, "target": 25}, {"weight": 1.0, "source": 11, "target": 26}, {"weight": 2.0, "source": 11, "target": 27}, {"weight": 5.0, "source": 11, "target": 28}, {"weight": 8.0, "source": 11, "target": 29}, {"weight": 1.0, "source": 11, "target": 30}, {"weight": 4.0, "source": 11, "target": 32}, {"weight": 7.0, "source": 11, "target": 33}, {"weight": 5.0, "source": 11, "target": 34}, {"weight": 1.0, "source": 11, "target": 36}, {"weight": 8.0, "source": 11, "target": 37}, {"weight": 8.0, "source": 11, "target": 38}, {"weight": 5.0, "source": 11, "target": 41}, {"weight": 6.0, "source": 11, "target": 42}, {"weight": 2.0, "source": 11, "target": 43}, {"weight": 1.0, "source": 11, "target": 44}, {"weight": 1.0, "source": 11, "target": 46}, {"weight": 3.0, "source": 11, "target": 48}, {"weight": 8.0, "source": 11, "target": 49}, {"weight": 8.0, "source": 11, "target": 50}, {"weight": 5.0, "source": 11, "target": 51}, {"weight": 3.0, "source": 11, "target": 52}, {"weight": 10.0, "source": 11, "target": 53}, {"weight": 7.0, "source": 11, "target": 54}, {"weight": 6.0, "source": 11, "target": 55}, {"weight": 5.0, "source": 11, "target": 56}, {"weight": 9.0, "source": 11, "target": 57}, {"weight": 4.0, "source": 11, "target": 58}, {"weight": 7.0, "source": 11, "target": 59}, {"weight": 1.0, "source": 11, "target": 61}, {"weight": 5.0, "source": 11, "target": 62}, {"weight": 10.0, "source": 11, "target": 65}, {"weight": 8.0, "source": 12, "target": 13}, {"weight": 1.0, "source": 12, "target": 15}, {"weight": 4.0, "source": 12, "target": 16}, {"weight": 3.0, "source": 12, "target": 17}, {"weight": 5.0, "source": 12, "target": 18}, {"weight": 6.0, "source": 12, "target": 19}, {"weight": 3.0, "source": 12, "target": 20}, {"weight": 5.0, "source": 12, "target": 21}, {"weight": 2.0, "source": 12, "target": 22}, {"weight": 6.0, "source": 12, "target": 23}, {"weight": 6.0, "source": 12, "target": 24}, {"weight": 8.0, "source": 12, "target": 26}, {"weight": 10.0, "source": 12, "target": 27}, {"weight": 7.0, "source": 12, "target": 29}, {"weight": 9.0, "source": 12, "target": 30}, {"weight": 6.0, "source": 12, "target": 31}, {"weight": 1.0, "source": 12, "target": 34}, {"weight": 10.0, "source": 12, "target": 35}, {"weight": 10.0, "source": 12, "target": 36}, {"weight": 2.0, "source": 12, "target": 37}, {"weight": 4.0, "source": 12, "target": 38}, {"weight": 4.0, "source": 12, "target": 41}, {"weight": 9.0, "source": 12, "target": 42}, {"weight": 2.0, "source": 12, "target": 44}, {"weight": 8.0, "source": 12, "target": 46}, {"weight": 6.0, "source": 12, "target": 48}, {"weight": 2.0, "source": 12, "target": 49}, {"weight": 4.0, "source": 12, "target": 50}, {"weight": 10.0, "source": 12, "target": 51}, {"weight": 6.0, "source": 12, "target": 55}, {"weight": 10.0, "source": 12, "target": 56}, {"weight": 9.0, "source": 12, "target": 58}, {"weight": 10.0, "source": 12, "target": 59}, {"weight": 9.0, "source": 12, "target": 60}, {"weight": 10.0, "source": 12, "target": 62}, {"weight": 7.0, "source": 12, "target": 63}, {"weight": 9.0, "source": 12, "target": 64}, {"weight": 1.0, "source": 13, "target": 14}, {"weight": 6.0, "source": 13, "target": 15}, {"weight": 9.0, "source": 13, "target": 16}, {"weight": 2.0, "source": 13, "target": 18}, {"weight": 8.0, "source": 13, "target": 20}, {"weight": 5.0, "source": 13, "target": 23}, {"weight": 3.0, "source": 13, "target": 27}, {"weight": 8.0, "source": 13, "target": 28}, {"weight": 7.0, "source": 13, "target": 30}, {"weight": 5.0, "source": 13, "target": 31}, {"weight": 8.0, "source": 13, "target": 32}, {"weight": 2.0, "source": 13, "target": 33}, {"weight": 6.0, "source": 13, "target": 34}, {"weight": 4.0, "source": 13, "target": 35}, {"weight": 3.0, "source": 13, "target": 36}, {"weight": 6.0, "source": 13, "target": 37}, {"weight": 9.0, "source": 13, "target": 38}, {"weight": 4.0, "source": 13, "target": 39}, {"weight": 3.0, "source": 13, "target": 41}, {"weight": 7.0, "source": 13, "target": 42}, {"weight": 10.0, "source": 13, "target": 44}, {"weight": 4.0, "source": 13, "target": 45}, {"weight": 8.0, "source": 13, "target": 46}, {"weight": 2.0, "source": 13, "target": 49}, {"weight": 3.0, "source": 13, "target": 51}, {"weight": 8.0, "source": 13, "target": 52}, {"weight": 7.0, "source": 13, "target": 55}, {"weight": 4.0, "source": 13, "target": 56}, {"weight": 4.0, "source": 13, "target": 57}, {"weight": 10.0, "source": 13, "target": 58}, {"weight": 6.0, "source": 13, "target": 59}, {"weight": 10.0, "source": 13, "target": 60}, {"weight": 2.0, "source": 13, "target": 61}, {"weight": 4.0, "source": 13, "target": 62}, {"weight": 9.0, "source": 13, "target": 63}, {"weight": 7.0, "source": 13, "target": 65}, {"weight": 7.0, "source": 14, "target": 15}, {"weight": 3.0, "source": 14, "target": 17}, {"weight": 8.0, "source": 14, "target": 18}, {"weight": 6.0, "source": 14, "target": 19}, {"weight": 5.0, "source": 14, "target": 21}, {"weight": 5.0, "source": 14, "target": 23}, {"weight": 3.0, "source": 14, "target": 24}, {"weight": 7.0, "source": 14, "target": 25}, {"weight": 7.0, "source": 14, "target": 26}, {"weight": 10.0, "source": 14, "target": 28}, {"weight": 7.0, "source": 14, "target": 29}, {"weight": 6.0, "source": 14, "target": 31}, {"weight": 7.0, "source": 14, "target": 32}, {"weight": 7.0, "source": 14, "target": 33}, {"weight": 8.0, "source": 14, "target": 34}, {"weight": 7.0, "source": 14, "target": 35}, {"weight": 9.0, "source": 14, "target": 36}, {"weight": 10.0, "source": 14, "target": 38}, {"weight": 5.0, "source": 14, "target": 40}, {"weight": 7.0, "source": 14, "target": 41}, {"weight": 2.0, "source": 14, "target": 45}, {"weight": 1.0, "source": 14, "target": 46}, {"weight": 4.0, "source": 14, "target": 47}, {"weight": 9.0, "source": 14, "target": 48}, {"weight": 6.0, "source": 14, "target": 52}, {"weight": 7.0, "source": 14, "target": 53}, {"weight": 6.0, "source": 14, "target": 54}, {"weight": 9.0, "source": 14, "target": 55}, {"weight": 6.0, "source": 14, "target": 56}, {"weight": 6.0, "source": 14, "target": 57}, {"weight": 1.0, "source": 14, "target": 59}, {"weight": 4.0, "source": 14, "target": 60}, {"weight": 8.0, "source": 14, "target": 61}, {"weight": 7.0, "source": 14, "target": 62}, {"weight": 1.0, "source": 14, "target": 63}, {"weight": 9.0, "source": 14, "target": 64}, {"weight": 1.0, "source": 14, "target": 65}, {"weight": 8.0, "source": 15, "target": 16}, {"weight": 5.0, "source": 15, "target": 18}, {"weight": 7.0, "source": 15, "target": 19}, {"weight": 2.0, "source": 15, "target": 20}, {"weight": 1.0, "source": 15, "target": 22}, {"weight": 4.0, "source": 15, "target": 25}, {"weight": 9.0, "source": 15, "target": 26}, {"weight": 6.0, "source": 15, "target": 27}, {"weight": 6.0, "source": 15, "target": 30}, {"weight": 10.0, "source": 15, "target": 32}, {"weight": 10.0, "source": 15, "target": 33}, {"weight": 1.0, "source": 15, "target": 34}, {"weight": 1.0, "source": 15, "target": 35}, {"weight": 10.0, "source": 15, "target": 36}, {"weight": 7.0, "source": 15, "target": 39}, {"weight": 2.0, "source": 15, "target": 40}, {"weight": 9.0, "source": 15, "target": 42}, {"weight": 9.0, "source": 15, "target": 43}, {"weight": 10.0, "source": 15, "target": 45}, {"weight": 4.0, "source": 15, "target": 46}, {"weight": 10.0, "source": 15, "target": 47}, {"weight": 10.0, "source": 15, "target": 48}, {"weight": 3.0, "source": 15, "target": 49}, {"weight": 3.0, "source": 15, "target": 50}, {"weight": 3.0, "source": 15, "target": 51}, {"weight": 8.0, "source": 15, "target": 53}, {"weight": 4.0, "source": 15, "target": 54}, {"weight": 6.0, "source": 15, "target": 56}, {"weight": 3.0, "source": 15, "target": 57}, {"weight": 9.0, "source": 15, "target": 58}, {"weight": 10.0, "source": 15, "target": 59}, {"weight": 7.0, "source": 15, "target": 61}, {"weight": 6.0, "source": 15, "target": 62}, {"weight": 9.0, "source": 15, "target": 63}, {"weight": 5.0, "source": 15, "target": 64}, {"weight": 3.0, "source": 15, "target": 65}, {"weight": 5.0, "source": 16, "target": 17}, {"weight": 7.0, "source": 16, "target": 21}, {"weight": 9.0, "source": 16, "target": 25}, {"weight": 3.0, "source": 16, "target": 26}, {"weight": 7.0, "source": 16, "target": 27}, {"weight": 1.0, "source": 16, "target": 28}, {"weight": 8.0, "source": 16, "target": 29}, {"weight": 4.0, "source": 16, "target": 30}, {"weight": 6.0, "source": 16, "target": 32}, {"weight": 1.0, "source": 16, "target": 34}, {"weight": 2.0, "source": 16, "target": 36}, {"weight": 9.0, "source": 16, "target": 37}, {"weight": 10.0, "source": 16, "target": 38}, {"weight": 10.0, "source": 16, "target": 39}, {"weight": 10.0, "source": 16, "target": 40}, {"weight": 8.0, "source": 16, "target": 41}, {"weight": 6.0, "source": 16, "target": 42}, {"weight": 2.0, "source": 16, "target": 43}, {"weight": 4.0, "source": 16, "target": 45}, {"weight": 6.0, "source": 16, "target": 46}, {"weight": 4.0, "source": 16, "target": 47}, {"weight": 5.0, "source": 16, "target": 48}, {"weight": 1.0, "source": 16, "target": 50}, {"weight": 9.0, "source": 16, "target": 51}, {"weight": 5.0, "source": 16, "target": 52}, {"weight": 3.0, "source": 16, "target": 53}, {"weight": 6.0, "source": 16, "target": 54}, {"weight": 10.0, "source": 16, "target": 56}, {"weight": 2.0, "source": 16, "target": 57}, {"weight": 6.0, "source": 16, "target": 59}, {"weight": 3.0, "source": 16, "target": 60}, {"weight": 2.0, "source": 16, "target": 63}, {"weight": 3.0, "source": 16, "target": 64}, {"weight": 7.0, "source": 16, "target": 65}, {"weight": 3.0, "source": 17, "target": 18}, {"weight": 7.0, "source": 17, "target": 19}, {"weight": 6.0, "source": 17, "target": 20}, {"weight": 1.0, "source": 17, "target": 22}, {"weight": 3.0, "source": 17, "target": 23}, {"weight": 3.0, "source": 17, "target": 25}, {"weight": 4.0, "source": 17, "target": 27}, {"weight": 7.0, "source": 17, "target": 30}, {"weight": 6.0, "source": 17, "target": 32}, {"weight": 10.0, "source": 17, "target": 33}, {"weight": 4.0, "source": 17, "target": 35}, {"weight": 5.0, "source": 17, "target": 36}, {"weight": 3.0, "source": 17, "target": 37}, {"weight": 2.0, "source": 17, "target": 39}, {"weight": 5.0, "source": 17, "target": 41}, {"weight": 4.0, "source": 17, "target": 42}, {"weight": 8.0, "source": 17, "target": 43}, {"weight": 10.0, "source": 17, "target": 46}, {"weight": 4.0, "source": 17, "target": 47}, {"weight": 2.0, "source": 17, "target": 48}, {"weight": 2.0, "source": 17, "target": 50}, {"weight": 10.0, "source": 17, "target": 52}, {"weight": 9.0, "source": 17, "target": 53}, {"weight": 9.0, "source": 17, "target": 54}, {"weight": 10.0, "source": 17, "target": 55}, {"weight": 10.0, "source": 17, "target": 56}, {"weight": 8.0, "source": 17, "target": 57}, {"weight": 1.0, "source": 17, "target": 58}, {"weight": 6.0, "source": 17, "target": 60}, {"weight": 2.0, "source": 17, "target": 61}, {"weight": 5.0, "source": 17, "target": 62}, {"weight": 2.0, "source": 17, "target": 63}, {"weight": 8.0, "source": 17, "target": 64}, {"weight": 2.0, "source": 17, "target": 65}, {"weight": 2.0, "source": 18, "target": 21}, {"weight": 9.0, "source": 18, "target": 23}, {"weight": 9.0, "source": 18, "target": 24}, {"weight": 1.0, "source": 18, "target": 25}, {"weight": 3.0, "source": 18, "target": 26}, {"weight": 8.0, "source": 18, "target": 27}, {"weight": 3.0, "source": 18, "target": 28}, {"weight": 10.0, "source": 18, "target": 30}, {"weight": 5.0, "source": 18, "target": 32}, {"weight": 2.0, "source": 18, "target": 35}, {"weight": 3.0, "source": 18, "target": 36}, {"weight": 2.0, "source": 18, "target": 37}, {"weight": 7.0, "source": 18, "target": 40}, {"weight": 8.0, "source": 18, "target": 42}, {"weight": 10.0, "source": 18, "target": 43}, {"weight": 7.0, "source": 18, "target": 44}, {"weight": 7.0, "source": 18, "target": 45}, {"weight": 1.0, "source": 18, "target": 46}, {"weight": 7.0, "source": 18, "target": 48}, {"weight": 5.0, "source": 18, "target": 49}, {"weight": 8.0, "source": 18, "target": 51}, {"weight": 2.0, "source": 18, "target": 52}, {"weight": 9.0, "source": 18, "target": 53}, {"weight": 1.0, "source": 18, "target": 54}, {"weight": 6.0, "source": 18, "target": 56}, {"weight": 8.0, "source": 18, "target": 58}, {"weight": 1.0, "source": 18, "target": 60}, {"weight": 3.0, "source": 18, "target": 61}, {"weight": 1.0, "source": 18, "target": 64}, {"weight": 6.0, "source": 18, "target": 65}, {"weight": 1.0, "source": 19, "target": 23}, {"weight": 1.0, "source": 19, "target": 24}, {"weight": 10.0, "source": 19, "target": 25}, {"weight": 4.0, "source": 19, "target": 27}, {"weight": 3.0, "source": 19, "target": 28}, {"weight": 9.0, "source": 19, "target": 29}, {"weight": 6.0, "source": 19, "target": 31}, {"weight": 8.0, "source": 19, "target": 34}, {"weight": 9.0, "source": 19, "target": 35}, {"weight": 6.0, "source": 19, "target": 36}, {"weight": 5.0, "source": 19, "target": 37}, {"weight": 10.0, "source": 19, "target": 38}, {"weight": 5.0, "source": 19, "target": 39}, {"weight": 6.0, "source": 19, "target": 41}, {"weight": 3.0, "source": 19, "target": 42}, {"weight": 6.0, "source": 19, "target": 43}, {"weight": 3.0, "source": 19, "target": 44}, {"weight": 6.0, "source": 19, "target": 45}, {"weight": 10.0, "source": 19, "target": 46}, {"weight": 7.0, "source": 19, "target": 47}, {"weight": 3.0, "source": 19, "target": 48}, {"weight": 2.0, "source": 19, "target": 49}, {"weight": 1.0, "source": 19, "target": 50}, {"weight": 4.0, "source": 19, "target": 51}, {"weight": 3.0, "source": 19, "target": 52}, {"weight": 8.0, "source": 19, "target": 53}, {"weight": 10.0, "source": 19, "target": 54}, {"weight": 10.0, "source": 19, "target": 55}, {"weight": 2.0, "source": 19, "target": 56}, {"weight": 3.0, "source": 19, "target": 57}, {"weight": 3.0, "source": 19, "target": 58}, {"weight": 2.0, "source": 19, "target": 59}, {"weight": 10.0, "source": 19, "target": 60}, {"weight": 6.0, "source": 19, "target": 61}, {"weight": 3.0, "source": 19, "target": 62}, {"weight": 1.0, "source": 19, "target": 63}, {"weight": 1.0, "source": 19, "target": 65}, {"weight": 1.0, "source": 20, "target": 22}, {"weight": 8.0, "source": 20, "target": 24}, {"weight": 2.0, "source": 20, "target": 25}, {"weight": 3.0, "source": 20, "target": 26}, {"weight": 4.0, "source": 20, "target": 27}, {"weight": 1.0, "source": 20, "target": 28}, {"weight": 1.0, "source": 20, "target": 29}, {"weight": 4.0, "source": 20, "target": 30}, {"weight": 10.0, "source": 20, "target": 31}, {"weight": 2.0, "source": 20, "target": 34}, {"weight": 2.0, "source": 20, "target": 35}, {"weight": 5.0, "source": 20, "target": 36}, {"weight": 4.0, "source": 20, "target": 40}, {"weight": 10.0, "source": 20, "target": 41}, {"weight": 1.0, "source": 20, "target": 42}, {"weight": 6.0, "source": 20, "target": 44}, {"weight": 3.0, "source": 20, "target": 45}, {"weight": 5.0, "source": 20, "target": 46}, {"weight": 5.0, "source": 20, "target": 47}, {"weight": 9.0, "source": 20, "target": 48}, {"weight": 5.0, "source": 20, "target": 49}, {"weight": 5.0, "source": 20, "target": 51}, {"weight": 1.0, "source": 20, "target": 52}, {"weight": 3.0, "source": 20, "target": 53}, {"weight": 3.0, "source": 20, "target": 56}, {"weight": 9.0, "source": 20, "target": 59}, {"weight": 5.0, "source": 20, "target": 60}, {"weight": 9.0, "source": 20, "target": 61}, {"weight": 5.0, "source": 20, "target": 62}, {"weight": 7.0, "source": 20, "target": 63}, {"weight": 2.0, "source": 20, "target": 64}, {"weight": 1.0, "source": 21, "target": 22}, {"weight": 6.0, "source": 21, "target": 23}, {"weight": 9.0, "source": 21, "target": 24}, {"weight": 9.0, "source": 21, "target": 25}, {"weight": 5.0, "source": 21, "target": 26}, {"weight": 8.0, "source": 21, "target": 28}, {"weight": 8.0, "source": 21, "target": 29}, {"weight": 5.0, "source": 21, "target": 30}, {"weight": 5.0, "source": 21, "target": 32}, {"weight": 3.0, "source": 21, "target": 35}, {"weight": 2.0, "source": 21, "target": 36}, {"weight": 4.0, "source": 21, "target": 37}, {"weight": 6.0, "source": 21, "target": 38}, {"weight": 2.0, "source": 21, "target": 39}, {"weight": 8.0, "source": 21, "target": 40}, {"weight": 2.0, "source": 21, "target": 41}, {"weight": 7.0, "source": 21, "target": 42}, {"weight": 5.0, "source": 21, "target": 43}, {"weight": 5.0, "source": 21, "target": 44}, {"weight": 6.0, "source": 21, "target": 45}, {"weight": 1.0, "source": 21, "target": 48}, {"weight": 3.0, "source": 21, "target": 49}, {"weight": 6.0, "source": 21, "target": 50}, {"weight": 3.0, "source": 21, "target": 51}, {"weight": 2.0, "source": 21, "target": 55}, {"weight": 8.0, "source": 21, "target": 56}, {"weight": 2.0, "source": 21, "target": 57}, {"weight": 10.0, "source": 21, "target": 58}, {"weight": 9.0, "source": 21, "target": 59}, {"weight": 3.0, "source": 21, "target": 60}, {"weight": 6.0, "source": 21, "target": 61}, {"weight": 5.0, "source": 21, "target": 62}, {"weight": 2.0, "source": 21, "target": 63}, {"weight": 4.0, "source": 21, "target": 64}, {"weight": 8.0, "source": 21, "target": 65}, {"weight": 8.0, "source": 22, "target": 23}, {"weight": 5.0, "source": 22, "target": 24}, {"weight": 1.0, "source": 22, "target": 25}, {"weight": 2.0, "source": 22, "target": 28}, {"weight": 5.0, "source": 22, "target": 29}, {"weight": 2.0, "source": 22, "target": 30}, {"weight": 8.0, "source": 22, "target": 31}, {"weight": 2.0, "source": 22, "target": 32}, {"weight": 3.0, "source": 22, "target": 33}, {"weight": 8.0, "source": 22, "target": 34}, {"weight": 1.0, "source": 22, "target": 35}, {"weight": 7.0, "source": 22, "target": 36}, {"weight": 2.0, "source": 22, "target": 37}, {"weight": 3.0, "source": 22, "target": 39}, {"weight": 10.0, "source": 22, "target": 40}, {"weight": 10.0, "source": 22, "target": 41}, {"weight": 7.0, "source": 22, "target": 43}, {"weight": 3.0, "source": 22, "target": 48}, {"weight": 4.0, "source": 22, "target": 49}, {"weight": 5.0, "source": 22, "target": 50}, {"weight": 7.0, "source": 22, "target": 51}, {"weight": 5.0, "source": 22, "target": 54}, {"weight": 10.0, "source": 22, "target": 55}, {"weight": 1.0, "source": 22, "target": 58}, {"weight": 7.0, "source": 22, "target": 60}, {"weight": 4.0, "source": 22, "target": 62}, {"weight": 6.0, "source": 22, "target": 65}, {"weight": 2.0, "source": 23, "target": 25}, {"weight": 2.0, "source": 23, "target": 29}, {"weight": 3.0, "source": 23, "target": 30}, {"weight": 1.0, "source": 23, "target": 32}, {"weight": 1.0, "source": 23, "target": 33}, {"weight": 3.0, "source": 23, "target": 35}, {"weight": 9.0, "source": 23, "target": 36}, {"weight": 6.0, "source": 23, "target": 38}, {"weight": 1.0, "source": 23, "target": 39}, {"weight": 1.0, "source": 23, "target": 40}, {"weight": 3.0, "source": 23, "target": 43}, {"weight": 10.0, "source": 23, "target": 44}, {"weight": 2.0, "source": 23, "target": 45}, {"weight": 3.0, "source": 23, "target": 46}, {"weight": 4.0, "source": 23, "target": 48}, {"weight": 4.0, "source": 23, "target": 49}, {"weight": 1.0, "source": 23, "target": 50}, {"weight": 6.0, "source": 23, "target": 51}, {"weight": 4.0, "source": 23, "target": 52}, {"weight": 5.0, "source": 23, "target": 53}, {"weight": 9.0, "source": 23, "target": 54}, {"weight": 4.0, "source": 23, "target": 55}, {"weight": 4.0, "source": 23, "target": 56}, {"weight": 7.0, "source": 23, "target": 57}, {"weight": 6.0, "source": 23, "target": 59}, {"weight": 8.0, "source": 23, "target": 60}, {"weight": 3.0, "source": 23, "target": 61}, {"weight": 1.0, "source": 23, "target": 62}, {"weight": 9.0, "source": 23, "target": 63}, {"weight": 9.0, "source": 23, "target": 65}, {"weight": 1.0, "source": 24, "target": 25}, {"weight": 7.0, "source": 24, "target": 26}, {"weight": 4.0, "source": 24, "target": 27}, {"weight": 5.0, "source": 24, "target": 29}, {"weight": 9.0, "source": 24, "target": 30}, {"weight": 9.0, "source": 24, "target": 34}, {"weight": 8.0, "source": 24, "target": 35}, {"weight": 10.0, "source": 24, "target": 36}, {"weight": 6.0, "source": 24, "target": 37}, {"weight": 8.0, "source": 24, "target": 38}, {"weight": 4.0, "source": 24, "target": 41}, {"weight": 6.0, "source": 24, "target": 42}, {"weight": 9.0, "source": 24, "target": 43}, {"weight": 7.0, "source": 24, "target": 44}, {"weight": 6.0, "source": 24, "target": 45}, {"weight": 10.0, "source": 24, "target": 46}, {"weight": 3.0, "source": 24, "target": 47}, {"weight": 10.0, "source": 24, "target": 48}, {"weight": 8.0, "source": 24, "target": 49}, {"weight": 4.0, "source": 24, "target": 50}, {"weight": 10.0, "source": 24, "target": 51}, {"weight": 6.0, "source": 24, "target": 53}, {"weight": 9.0, "source": 24, "target": 54}, {"weight": 5.0, "source": 24, "target": 55}, {"weight": 7.0, "source": 24, "target": 57}, {"weight": 1.0, "source": 24, "target": 58}, {"weight": 3.0, "source": 24, "target": 60}, {"weight": 6.0, "source": 24, "target": 61}, {"weight": 10.0, "source": 24, "target": 62}, {"weight": 3.0, "source": 24, "target": 63}, {"weight": 2.0, "source": 24, "target": 64}, {"weight": 7.0, "source": 25, "target": 26}, {"weight": 3.0, "source": 25, "target": 28}, {"weight": 8.0, "source": 25, "target": 29}, {"weight": 5.0, "source": 25, "target": 30}, {"weight": 2.0, "source": 25, "target": 31}, {"weight": 2.0, "source": 25, "target": 32}, {"weight": 3.0, "source": 25, "target": 33}, {"weight": 9.0, "source": 25, "target": 34}, {"weight": 10.0, "source": 25, "target": 35}, {"weight": 1.0, "source": 25, "target": 37}, {"weight": 8.0, "source": 25, "target": 38}, {"weight": 6.0, "source": 25, "target": 39}, {"weight": 3.0, "source": 25, "target": 40}, {"weight": 6.0, "source": 25, "target": 41}, {"weight": 9.0, "source": 25, "target": 43}, {"weight": 6.0, "source": 25, "target": 44}, {"weight": 9.0, "source": 25, "target": 45}, {"weight": 5.0, "source": 25, "target": 46}, {"weight": 6.0, "source": 25, "target": 47}, {"weight": 1.0, "source": 25, "target": 48}, {"weight": 5.0, "source": 25, "target": 49}, {"weight": 7.0, "source": 25, "target": 50}, {"weight": 1.0, "source": 25, "target": 52}, {"weight": 2.0, "source": 25, "target": 53}, {"weight": 3.0, "source": 25, "target": 55}, {"weight": 1.0, "source": 25, "target": 56}, {"weight": 6.0, "source": 25, "target": 59}, {"weight": 6.0, "source": 25, "target": 63}, {"weight": 1.0, "source": 26, "target": 28}, {"weight": 4.0, "source": 26, "target": 29}, {"weight": 9.0, "source": 26, "target": 30}, {"weight": 2.0, "source": 26, "target": 31}, {"weight": 1.0, "source": 26, "target": 34}, {"weight": 10.0, "source": 26, "target": 37}, {"weight": 7.0, "source": 26, "target": 40}, {"weight": 7.0, "source": 26, "target": 41}, {"weight": 10.0, "source": 26, "target": 42}, {"weight": 9.0, "source": 26, "target": 43}, {"weight": 9.0, "source": 26, "target": 45}, {"weight": 3.0, "source": 26, "target": 46}, {"weight": 7.0, "source": 26, "target": 47}, {"weight": 5.0, "source": 26, "target": 50}, {"weight": 8.0, "source": 26, "target": 51}, {"weight": 2.0, "source": 26, "target": 52}, {"weight": 9.0, "source": 26, "target": 53}, {"weight": 3.0, "source": 26, "target": 55}, {"weight": 8.0, "source": 26, "target": 59}, {"weight": 5.0, "source": 26, "target": 61}, {"weight": 7.0, "source": 26, "target": 62}, {"weight": 7.0, "source": 26, "target": 63}, {"weight": 4.0, "source": 26, "target": 64}, {"weight": 6.0, "source": 26, "target": 65}, {"weight": 4.0, "source": 27, "target": 28}, {"weight": 3.0, "source": 27, "target": 31}, {"weight": 9.0, "source": 27, "target": 32}, {"weight": 5.0, "source": 27, "target": 33}, {"weight": 7.0, "source": 27, "target": 37}, {"weight": 5.0, "source": 27, "target": 38}, {"weight": 1.0, "source": 27, "target": 39}, {"weight": 5.0, "source": 27, "target": 40}, {"weight": 6.0, "source": 27, "target": 41}, {"weight": 4.0, "source": 27, "target": 44}, {"weight": 7.0, "source": 27, "target": 46}, {"weight": 6.0, "source": 27, "target": 47}, {"weight": 7.0, "source": 27, "target": 49}, {"weight": 6.0, "source": 27, "target": 51}, {"weight": 8.0, "source": 27, "target": 52}, {"weight": 7.0, "source": 27, "target": 54}, {"weight": 2.0, "source": 27, "target": 55}, {"weight": 5.0, "source": 27, "target": 56}, {"weight": 9.0, "source": 27, "target": 57}, {"weight": 6.0, "source": 27, "target": 59}, {"weight": 10.0, "source": 27, "target": 60}, {"weight": 4.0, "source": 27, "target": 61}, {"weight": 7.0, "source": 27, "target": 63}, {"weight": 8.0, "source": 27, "target": 64}, {"weight": 7.0, "source": 27, "target": 65}, {"weight": 3.0, "source": 28, "target": 31}, {"weight": 6.0, "source": 28, "target": 32}, {"weight": 4.0, "source": 28, "target": 33}, {"weight": 4.0, "source": 28, "target": 35}, {"weight": 7.0, "source": 28, "target": 36}, {"weight": 6.0, "source": 28, "target": 40}, {"weight": 9.0, "source": 28, "target": 42}, {"weight": 1.0, "source": 28, "target": 43}, {"weight": 1.0, "source": 28, "target": 44}, {"weight": 8.0, "source": 28, "target": 46}, {"weight": 2.0, "source": 28, "target": 48}, {"weight": 1.0, "source": 28, "target": 50}, {"weight": 1.0, "source": 28, "target": 51}, {"weight": 3.0, "source": 28, "target": 53}, {"weight": 10.0, "source": 28, "target": 54}, {"weight": 7.0, "source": 28, "target": 55}, {"weight": 8.0, "source": 28, "target": 56}, {"weight": 10.0, "source": 28, "target": 57}, {"weight": 7.0, "source": 28, "target": 58}, {"weight": 4.0, "source": 28, "target": 59}, {"weight": 10.0, "source": 28, "target": 60}, {"weight": 9.0, "source": 28, "target": 61}, {"weight": 5.0, "source": 28, "target": 62}, {"weight": 8.0, "source": 28, "target": 63}, {"weight": 2.0, "source": 28, "target": 64}, {"weight": 4.0, "source": 28, "target": 65}, {"weight": 10.0, "source": 29, "target": 30}, {"weight": 2.0, "source": 29, "target": 32}, {"weight": 2.0, "source": 29, "target": 33}, {"weight": 2.0, "source": 29, "target": 36}, {"weight": 2.0, "source": 29, "target": 40}, {"weight": 5.0, "source": 29, "target": 41}, {"weight": 7.0, "source": 29, "target": 42}, {"weight": 3.0, "source": 29, "target": 45}, {"weight": 1.0, "source": 29, "target": 47}, {"weight": 1.0, "source": 29, "target": 48}, {"weight": 3.0, "source": 29, "target": 49}, {"weight": 9.0, "source": 29, "target": 50}, {"weight": 9.0, "source": 29, "target": 51}, {"weight": 3.0, "source": 29, "target": 52}, {"weight": 2.0, "source": 29, "target": 53}, {"weight": 7.0, "source": 29, "target": 55}, {"weight": 5.0, "source": 29, "target": 58}, {"weight": 9.0, "source": 29, "target": 59}, {"weight": 4.0, "source": 29, "target": 61}, {"weight": 2.0, "source": 29, "target": 63}, {"weight": 10.0, "source": 29, "target": 64}, {"weight": 6.0, "source": 29, "target": 65}, {"weight": 5.0, "source": 30, "target": 31}, {"weight": 3.0, "source": 30, "target": 32}, {"weight": 2.0, "source": 30, "target": 33}, {"weight": 2.0, "source": 30, "target": 36}, {"weight": 3.0, "source": 30, "target": 37}, {"weight": 8.0, "source": 30, "target": 38}, {"weight": 5.0, "source": 30, "target": 40}, {"weight": 6.0, "source": 30, "target": 41}, {"weight": 3.0, "source": 30, "target": 42}, {"weight": 10.0, "source": 30, "target": 43}, {"weight": 7.0, "source": 30, "target": 45}, {"weight": 6.0, "source": 30, "target": 46}, {"weight": 1.0, "source": 30, "target": 47}, {"weight": 8.0, "source": 30, "target": 48}, {"weight": 1.0, "source": 30, "target": 49}, {"weight": 10.0, "source": 30, "target": 50}, {"weight": 2.0, "source": 30, "target": 52}, {"weight": 8.0, "source": 30, "target": 53}, {"weight": 8.0, "source": 30, "target": 55}, {"weight": 10.0, "source": 30, "target": 56}, {"weight": 9.0, "source": 30, "target": 58}, {"weight": 7.0, "source": 30, "target": 59}, {"weight": 10.0, "source": 30, "target": 61}, {"weight": 5.0, "source": 30, "target": 62}, {"weight": 2.0, "source": 30, "target": 64}, {"weight": 5.0, "source": 30, "target": 65}, {"weight": 5.0, "source": 31, "target": 32}, {"weight": 6.0, "source": 31, "target": 33}, {"weight": 9.0, "source": 31, "target": 34}, {"weight": 2.0, "source": 31, "target": 35}, {"weight": 7.0, "source": 31, "target": 36}, {"weight": 9.0, "source": 31, "target": 38}, {"weight": 7.0, "source": 31, "target": 40}, {"weight": 1.0, "source": 31, "target": 41}, {"weight": 3.0, "source": 31, "target": 42}, {"weight": 1.0, "source": 31, "target": 43}, {"weight": 3.0, "source": 31, "target": 44}, {"weight": 9.0, "source": 31, "target": 45}, {"weight": 6.0, "source": 31, "target": 46}, {"weight": 6.0, "source": 31, "target": 47}, {"weight": 10.0, "source": 31, "target": 48}, {"weight": 2.0, "source": 31, "target": 49}, {"weight": 10.0, "source": 31, "target": 50}, {"weight": 1.0, "source": 31, "target": 52}, {"weight": 1.0, "source": 31, "target": 53}, {"weight": 5.0, "source": 31, "target": 54}, {"weight": 1.0, "source": 31, "target": 55}, {"weight": 7.0, "source": 31, "target": 56}, {"weight": 6.0, "source": 31, "target": 57}, {"weight": 7.0, "source": 31, "target": 59}, {"weight": 9.0, "source": 31, "target": 60}, {"weight": 1.0, "source": 31, "target": 61}, {"weight": 4.0, "source": 31, "target": 62}, {"weight": 2.0, "source": 31, "target": 64}, {"weight": 9.0, "source": 31, "target": 65}, {"weight": 5.0, "source": 32, "target": 33}, {"weight": 3.0, "source": 32, "target": 34}, {"weight": 8.0, "source": 32, "target": 35}, {"weight": 5.0, "source": 32, "target": 36}, {"weight": 1.0, "source": 32, "target": 37}, {"weight": 4.0, "source": 32, "target": 38}, {"weight": 1.0, "source": 32, "target": 40}, {"weight": 9.0, "source": 32, "target": 41}, {"weight": 8.0, "source": 32, "target": 42}, {"weight": 3.0, "source": 32, "target": 43}, {"weight": 4.0, "source": 32, "target": 44}, {"weight": 2.0, "source": 32, "target": 47}, {"weight": 7.0, "source": 32, "target": 49}, {"weight": 2.0, "source": 32, "target": 50}, {"weight": 6.0, "source": 32, "target": 51}, {"weight": 9.0, "source": 32, "target": 52}, {"weight": 3.0, "source": 32, "target": 53}, {"weight": 2.0, "source": 32, "target": 55}, {"weight": 1.0, "source": 32, "target": 56}, {"weight": 9.0, "source": 32, "target": 57}, {"weight": 4.0, "source": 32, "target": 58}, {"weight": 9.0, "source": 32, "target": 59}, {"weight": 6.0, "source": 32, "target": 62}, {"weight": 4.0, "source": 32, "target": 65}, {"weight": 6.0, "source": 33, "target": 35}, {"weight": 1.0, "source": 33, "target": 36}, {"weight": 4.0, "source": 33, "target": 37}, {"weight": 4.0, "source": 33, "target": 38}, {"weight": 6.0, "source": 33, "target": 39}, {"weight": 7.0, "source": 33, "target": 41}, {"weight": 7.0, "source": 33, "target": 42}, {"weight": 2.0, "source": 33, "target": 43}, {"weight": 1.0, "source": 33, "target": 45}, {"weight": 3.0, "source": 33, "target": 46}, {"weight": 3.0, "source": 33, "target": 47}, {"weight": 1.0, "source": 33, "target": 48}, {"weight": 1.0, "source": 33, "target": 50}, {"weight": 2.0, "source": 33, "target": 51}, {"weight": 7.0, "source": 33, "target": 53}, {"weight": 6.0, "source": 33, "target": 54}, {"weight": 7.0, "source": 33, "target": 55}, {"weight": 8.0, "source": 33, "target": 59}, {"weight": 1.0, "source": 33, "target": 60}, {"weight": 8.0, "source": 33, "target": 61}, {"weight": 4.0, "source": 33, "target": 63}, {"weight": 1.0, "source": 33, "target": 65}, {"weight": 1.0, "source": 34, "target": 35}, {"weight": 10.0, "source": 34, "target": 36}, {"weight": 1.0, "source": 34, "target": 37}, {"weight": 2.0, "source": 34, "target": 42}, {"weight": 1.0, "source": 34, "target": 45}, {"weight": 3.0, "source": 34, "target": 46}, {"weight": 9.0, "source": 34, "target": 49}, {"weight": 10.0, "source": 34, "target": 51}, {"weight": 6.0, "source": 34, "target": 52}, {"weight": 6.0, "source": 34, "target": 53}, {"weight": 5.0, "source": 34, "target": 54}, {"weight": 2.0, "source": 34, "target": 55}, {"weight": 6.0, "source": 34, "target": 56}, {"weight": 6.0, "source": 34, "target": 59}, {"weight": 7.0, "source": 34, "target": 61}, {"weight": 9.0, "source": 34, "target": 62}, {"weight": 2.0, "source": 34, "target": 63}, {"weight": 5.0, "source": 34, "target": 64}, {"weight": 6.0, "source": 34, "target": 65}, {"weight": 4.0, "source": 35, "target": 36}, {"weight": 10.0, "source": 35, "target": 37}, {"weight": 4.0, "source": 35, "target": 39}, {"weight": 7.0, "source": 35, "target": 41}, {"weight": 3.0, "source": 35, "target": 42}, {"weight": 5.0, "source": 35, "target": 43}, {"weight": 6.0, "source": 35, "target": 47}, {"weight": 3.0, "source": 35, "target": 48}, {"weight": 10.0, "source": 35, "target": 49}, {"weight": 9.0, "source": 35, "target": 50}, {"weight": 4.0, "source": 35, "target": 51}, {"weight": 6.0, "source": 35, "target": 54}, {"weight": 4.0, "source": 35, "target": 55}, {"weight": 6.0, "source": 35, "target": 56}, {"weight": 4.0, "source": 35, "target": 57}, {"weight": 9.0, "source": 35, "target": 58}, {"weight": 8.0, "source": 35, "target": 60}, {"weight": 10.0, "source": 35, "target": 62}, {"weight": 6.0, "source": 35, "target": 64}, {"weight": 1.0, "source": 35, "target": 65}, {"weight": 9.0, "source": 36, "target": 37}, {"weight": 6.0, "source": 36, "target": 39}, {"weight": 4.0, "source": 36, "target": 42}, {"weight": 5.0, "source": 36, "target": 43}, {"weight": 6.0, "source": 36, "target": 45}, {"weight": 2.0, "source": 36, "target": 46}, {"weight": 5.0, "source": 36, "target": 48}, {"weight": 3.0, "source": 36, "target": 51}, {"weight": 8.0, "source": 36, "target": 52}, {"weight": 5.0, "source": 36, "target": 54}, {"weight": 5.0, "source": 36, "target": 56}, {"weight": 6.0, "source": 36, "target": 57}, {"weight": 1.0, "source": 36, "target": 58}, {"weight": 6.0, "source": 36, "target": 59}, {"weight": 6.0, "source": 36, "target": 60}, {"weight": 4.0, "source": 36, "target": 61}, {"weight": 6.0, "source": 36, "target": 62}, {"weight": 2.0, "source": 36, "target": 64}, {"weight": 6.0, "source": 36, "target": 65}, {"weight": 9.0, "source": 37, "target": 38}, {"weight": 9.0, "source": 37, "target": 39}, {"weight": 5.0, "source": 37, "target": 40}, {"weight": 10.0, "source": 37, "target": 41}, {"weight": 4.0, "source": 37, "target": 43}, {"weight": 2.0, "source": 37, "target": 44}, {"weight": 7.0, "source": 37, "target": 45}, {"weight": 3.0, "source": 37, "target": 46}, {"weight": 8.0, "source": 37, "target": 51}, {"weight": 8.0, "source": 37, "target": 52}, {"weight": 10.0, "source": 37, "target": 53}, {"weight": 9.0, "source": 37, "target": 55}, {"weight": 3.0, "source": 37, "target": 56}, {"weight": 2.0, "source": 37, "target": 57}, {"weight": 3.0, "source": 37, "target": 58}, {"weight": 10.0, "source": 37, "target": 60}, {"weight": 8.0, "source": 37, "target": 61}, {"weight": 9.0, "source": 37, "target": 63}, {"weight": 8.0, "source": 37, "target": 64}, {"weight": 7.0, "source": 38, "target": 39}, {"weight": 3.0, "source": 38, "target": 46}, {"weight": 2.0, "source": 38, "target": 47}, {"weight": 9.0, "source": 38, "target": 48}, {"weight": 8.0, "source": 38, "target": 50}, {"weight": 5.0, "source": 38, "target": 53}, {"weight": 3.0, "source": 38, "target": 54}, {"weight": 5.0, "source": 38, "target": 55}, {"weight": 9.0, "source": 38, "target": 56}, {"weight": 6.0, "source": 38, "target": 57}, {"weight": 1.0, "source": 38, "target": 58}, {"weight": 2.0, "source": 38, "target": 59}, {"weight": 2.0, "source": 38, "target": 60}, {"weight": 2.0, "source": 38, "target": 61}, {"weight": 3.0, "source": 38, "target": 62}, {"weight": 6.0, "source": 38, "target": 64}, {"weight": 7.0, "source": 39, "target": 41}, {"weight": 2.0, "source": 39, "target": 42}, {"weight": 3.0, "source": 39, "target": 43}, {"weight": 1.0, "source": 39, "target": 44}, {"weight": 9.0, "source": 39, "target": 46}, {"weight": 5.0, "source": 39, "target": 47}, {"weight": 5.0, "source": 39, "target": 48}, {"weight": 1.0, "source": 39, "target": 49}, {"weight": 2.0, "source": 39, "target": 50}, {"weight": 3.0, "source": 39, "target": 51}, {"weight": 1.0, "source": 39, "target": 52}, {"weight": 8.0, "source": 39, "target": 53}, {"weight": 2.0, "source": 39, "target": 54}, {"weight": 7.0, "source": 39, "target": 57}, {"weight": 5.0, "source": 39, "target": 58}, {"weight": 8.0, "source": 39, "target": 59}, {"weight": 4.0, "source": 39, "target": 60}, {"weight": 6.0, "source": 39, "target": 62}, {"weight": 6.0, "source": 39, "target": 63}, {"weight": 10.0, "source": 39, "target": 64}, {"weight": 10.0, "source": 39, "target": 65}, {"weight": 8.0, "source": 40, "target": 42}, {"weight": 3.0, "source": 40, "target": 43}, {"weight": 8.0, "source": 40, "target": 44}, {"weight": 8.0, "source": 40, "target": 46}, {"weight": 9.0, "source": 40, "target": 47}, {"weight": 7.0, "source": 40, "target": 48}, {"weight": 9.0, "source": 40, "target": 50}, {"weight": 8.0, "source": 40, "target": 51}, {"weight": 10.0, "source": 40, "target": 55}, {"weight": 5.0, "source": 40, "target": 56}, {"weight": 1.0, "source": 40, "target": 57}, {"weight": 9.0, "source": 40, "target": 60}, {"weight": 6.0, "source": 40, "target": 61}, {"weight": 6.0, "source": 40, "target": 62}, {"weight": 5.0, "source": 40, "target": 63}, {"weight": 9.0, "source": 40, "target": 65}, {"weight": 2.0, "source": 41, "target": 42}, {"weight": 4.0, "source": 41, "target": 43}, {"weight": 4.0, "source": 41, "target": 44}, {"weight": 6.0, "source": 41, "target": 45}, {"weight": 2.0, "source": 41, "target": 46}, {"weight": 7.0, "source": 41, "target": 47}, {"weight": 9.0, "source": 41, "target": 48}, {"weight": 9.0, "source": 41, "target": 49}, {"weight": 5.0, "source": 41, "target": 50}, {"weight": 10.0, "source": 41, "target": 51}, {"weight": 8.0, "source": 41, "target": 52}, {"weight": 3.0, "source": 41, "target": 53}, {"weight": 9.0, "source": 41, "target": 55}, {"weight": 7.0, "source": 41, "target": 56}, {"weight": 4.0, "source": 41, "target": 57}, {"weight": 6.0, "source": 41, "target": 60}, {"weight": 10.0, "source": 41, "target": 62}, {"weight": 1.0, "source": 41, "target": 64}, {"weight": 9.0, "source": 42, "target": 43}, {"weight": 5.0, "source": 42, "target": 44}, {"weight": 4.0, "source": 42, "target": 45}, {"weight": 9.0, "source": 42, "target": 46}, {"weight": 3.0, "source": 42, "target": 50}, {"weight": 10.0, "source": 42, "target": 52}, {"weight": 7.0, "source": 42, "target": 53}, {"weight": 2.0, "source": 42, "target": 54}, {"weight": 1.0, "source": 42, "target": 56}, {"weight": 10.0, "source": 42, "target": 57}, {"weight": 7.0, "source": 42, "target": 58}, {"weight": 3.0, "source": 42, "target": 59}, {"weight": 6.0, "source": 42, "target": 61}, {"weight": 1.0, "source": 42, "target": 62}, {"weight": 6.0, "source": 42, "target": 63}, {"weight": 8.0, "source": 42, "target": 64}, {"weight": 4.0, "source": 42, "target": 65}, {"weight": 3.0, "source": 43, "target": 44}, {"weight": 10.0, "source": 43, "target": 45}, {"weight": 9.0, "source": 43, "target": 46}, {"weight": 3.0, "source": 43, "target": 47}, {"weight": 8.0, "source": 43, "target": 48}, {"weight": 7.0, "source": 43, "target": 50}, {"weight": 8.0, "source": 43, "target": 51}, {"weight": 2.0, "source": 43, "target": 52}, {"weight": 10.0, "source": 43, "target": 53}, {"weight": 10.0, "source": 43, "target": 55}, {"weight": 8.0, "source": 43, "target": 56}, {"weight": 10.0, "source": 43, "target": 58}, {"weight": 2.0, "source": 43, "target": 59}, {"weight": 10.0, "source": 43, "target": 61}, {"weight": 3.0, "source": 43, "target": 62}, {"weight": 7.0, "source": 43, "target": 63}, {"weight": 8.0, "source": 43, "target": 64}, {"weight": 10.0, "source": 44, "target": 45}, {"weight": 6.0, "source": 44, "target": 46}, {"weight": 2.0, "source": 44, "target": 47}, {"weight": 6.0, "source": 44, "target": 48}, {"weight": 6.0, "source": 44, "target": 49}, {"weight": 3.0, "source": 44, "target": 50}, {"weight": 1.0, "source": 44, "target": 51}, {"weight": 1.0, "source": 44, "target": 52}, {"weight": 6.0, "source": 44, "target": 54}, {"weight": 10.0, "source": 44, "target": 55}, {"weight": 5.0, "source": 44, "target": 56}, {"weight": 7.0, "source": 44, "target": 57}, {"weight": 1.0, "source": 44, "target": 58}, {"weight": 1.0, "source": 44, "target": 59}, {"weight": 4.0, "source": 44, "target": 61}, {"weight": 5.0, "source": 44, "target": 63}, {"weight": 7.0, "source": 44, "target": 64}, {"weight": 5.0, "source": 44, "target": 65}, {"weight": 3.0, "source": 45, "target": 46}, {"weight": 2.0, "source": 45, "target": 49}, {"weight": 8.0, "source": 45, "target": 50}, {"weight": 3.0, "source": 45, "target": 51}, {"weight": 2.0, "source": 45, "target": 52}, {"weight": 1.0, "source": 45, "target": 53}, {"weight": 7.0, "source": 45, "target": 54}, {"weight": 8.0, "source": 45, "target": 55}, {"weight": 9.0, "source": 45, "target": 58}, {"weight": 7.0, "source": 45, "target": 59}, {"weight": 8.0, "source": 45, "target": 61}, {"weight": 4.0, "source": 45, "target": 63}, {"weight": 3.0, "source": 46, "target": 47}, {"weight": 10.0, "source": 46, "target": 48}, {"weight": 7.0, "source": 46, "target": 50}, {"weight": 10.0, "source": 46, "target": 53}, {"weight": 5.0, "source": 46, "target": 54}, {"weight": 1.0, "source": 46, "target": 58}, {"weight": 5.0, "source": 46, "target": 59}, {"weight": 8.0, "source": 46, "target": 60}, {"weight": 4.0, "source": 46, "target": 61}, {"weight": 9.0, "source": 46, "target": 62}, {"weight": 10.0, "source": 46, "target": 64}, {"weight": 1.0, "source": 46, "target": 65}, {"weight": 8.0, "source": 47, "target": 50}, {"weight": 2.0, "source": 47, "target": 52}, {"weight": 7.0, "source": 47, "target": 53}, {"weight": 3.0, "source": 47, "target": 55}, {"weight": 5.0, "source": 47, "target": 56}, {"weight": 1.0, "source": 47, "target": 57}, {"weight": 10.0, "source": 47, "target": 60}, {"weight": 2.0, "source": 47, "target": 61}, {"weight": 8.0, "source": 47, "target": 63}, {"weight": 10.0, "source": 48, "target": 49}, {"weight": 8.0, "source": 48, "target": 50}, {"weight": 5.0, "source": 48, "target": 51}, {"weight": 9.0, "source": 48, "target": 53}, {"weight": 7.0, "source": 48, "target": 54}, {"weight": 3.0, "source": 48, "target": 56}, {"weight": 2.0, "source": 48, "target": 57}, {"weight": 3.0, "source": 48, "target": 58}, {"weight": 3.0, "source": 48, "target": 59}, {"weight": 6.0, "source": 48, "target": 60}, {"weight": 1.0, "source": 48, "target": 61}, {"weight": 2.0, "source": 48, "target": 62}, {"weight": 10.0, "source": 48, "target": 64}, {"weight": 9.0, "source": 49, "target": 50}, {"weight": 6.0, "source": 49, "target": 51}, {"weight": 9.0, "source": 49, "target": 52}, {"weight": 6.0, "source": 49, "target": 54}, {"weight": 9.0, "source": 49, "target": 55}, {"weight": 5.0, "source": 49, "target": 56}, {"weight": 3.0, "source": 49, "target": 57}, {"weight": 7.0, "source": 49, "target": 58}, {"weight": 7.0, "source": 49, "target": 59}, {"weight": 3.0, "source": 49, "target": 61}, {"weight": 6.0, "source": 49, "target": 63}, {"weight": 6.0, "source": 49, "target": 65}, {"weight": 10.0, "source": 50, "target": 51}, {"weight": 8.0, "source": 50, "target": 53}, {"weight": 6.0, "source": 50, "target": 55}, {"weight": 4.0, "source": 50, "target": 56}, {"weight": 2.0, "source": 50, "target": 58}, {"weight": 7.0, "source": 50, "target": 61}, {"weight": 7.0, "source": 50, "target": 62}, {"weight": 7.0, "source": 50, "target": 63}, {"weight": 3.0, "source": 50, "target": 64}, {"weight": 9.0, "source": 50, "target": 65}, {"weight": 1.0, "source": 51, "target": 53}, {"weight": 7.0, "source": 51, "target": 54}, {"weight": 10.0, "source": 51, "target": 55}, {"weight": 10.0, "source": 51, "target": 56}, {"weight": 7.0, "source": 51, "target": 57}, {"weight": 1.0, "source": 51, "target": 58}, {"weight": 10.0, "source": 51, "target": 59}, {"weight": 8.0, "source": 51, "target": 60}, {"weight": 7.0, "source": 51, "target": 61}, {"weight": 5.0, "source": 51, "target": 62}, {"weight": 1.0, "source": 52, "target": 53}, {"weight": 3.0, "source": 52, "target": 54}, {"weight": 2.0, "source": 52, "target": 56}, {"weight": 7.0, "source": 52, "target": 57}, {"weight": 4.0, "source": 52, "target": 58}, {"weight": 7.0, "source": 52, "target": 59}, {"weight": 5.0, "source": 52, "target": 61}, {"weight": 2.0, "source": 52, "target": 62}, {"weight": 8.0, "source": 52, "target": 65}, {"weight": 4.0, "source": 53, "target": 55}, {"weight": 8.0, "source": 53, "target": 56}, {"weight": 5.0, "source": 53, "target": 59}, {"weight": 8.0, "source": 53, "target": 61}, {"weight": 8.0, "source": 53, "target": 64}, {"weight": 3.0, "source": 53, "target": 65}, {"weight": 6.0, "source": 54, "target": 55}, {"weight": 1.0, "source": 54, "target": 56}, {"weight": 4.0, "source": 54, "target": 59}, {"weight": 7.0, "source": 54, "target": 61}, {"weight": 4.0, "source": 54, "target": 64}, {"weight": 9.0, "source": 54, "target": 65}, {"weight": 4.0, "source": 55, "target": 56}, {"weight": 5.0, "source": 55, "target": 58}, {"weight": 6.0, "source": 55, "target": 59}, {"weight": 4.0, "source": 55, "target": 61}, {"weight": 10.0, "source": 55, "target": 62}, {"weight": 9.0, "source": 55, "target": 63}, {"weight": 5.0, "source": 55, "target": 64}, {"weight": 5.0, "source": 55, "target": 65}, {"weight": 7.0, "source": 56, "target": 58}, {"weight": 10.0, "source": 56, "target": 59}, {"weight": 10.0, "source": 56, "target": 60}, {"weight": 10.0, "source": 56, "target": 61}, {"weight": 7.0, "source": 56, "target": 63}, {"weight": 6.0, "source": 56, "target": 64}, {"weight": 5.0, "source": 56, "target": 65}, {"weight": 8.0, "source": 57, "target": 58}, {"weight": 1.0, "source": 57, "target": 61}, {"weight": 10.0, "source": 57, "target": 63}, {"weight": 8.0, "source": 57, "target": 64}, {"weight": 6.0, "source": 57, "target": 65}, {"weight": 7.0, "source": 58, "target": 59}, {"weight": 5.0, "source": 58, "target": 60}, {"weight": 1.0, "source": 58, "target": 61}, {"weight": 7.0, "source": 58, "target": 62}, {"weight": 4.0, "source": 58, "target": 63}, {"weight": 7.0, "source": 58, "target": 64}, {"weight": 10.0, "source": 58, "target": 65}, {"weight": 4.0, "source": 59, "target": 60}, {"weight": 10.0, "source": 59, "target": 61}, {"weight": 4.0, "source": 59, "target": 64}, {"weight": 8.0, "source": 59, "target": 65}, {"weight": 6.0, "source": 60, "target": 62}, {"weight": 6.0, "source": 60, "target": 63}, {"weight": 7.0, "source": 60, "target": 64}, {"weight": 5.0, "source": 60, "target": 65}, {"weight": 5.0, "source": 61, "target": 62}, {"weight": 9.0, "source": 61, "target": 63}, {"weight": 2.0, "source": 61, "target": 64}, {"weight": 10.0, "source": 61, "target": 65}, {"weight": 2.0, "source": 62, "target": 63}, {"weight": 3.0, "source": 62, "target": 64}, {"weight": 7.0, "source": 62, "target": 65}, {"weight": 1.0, "source": 63, "target": 65}, {"weight": 6.0, "source": 64, "target": 65}]}