{"directed": false, "multigraph": false, "graph": {}, "nodes": [{"id": 0}, {"id": 1}, {"id": 2}, {"id": 3}, {"id": 4}, {"id": 5}, {"id": 6}, {"id": 7}, {"id": 8}, {"id": 9}, {"id": 10}, {"id": 11}, {"id": 12}, {"id": 13}, {"id": 14}, {"id": 15}, {"id": 16}, {"id": 17}, {"id": 18}, {"id": 19}, {"id": 20}, {"id": 21}, {"id": 22}, {"id": 23}, {"id": 24}, {"id": 25}, {"id": 26}, {"id": 27}, {"id": 28}, {"id": 29}, {"id": 30}, {"id": 31}, {"id": 32}, {"id": 33}, {"id": 34}, {"id": 35}, {"id": 36}, {"id": 37}, {"id": 38}], "links": [{"weight": 9.0, "source": 0, "target": 1}, {"weight": 8.0, "source": 0, "target": 3}, {"weight": 5.0, "source": 0, "target": 4}, {"weight": 9.0, "source": 0, "target": 7}, {"weight": 1.0, "source": 0, "target": 9}, {"weight": 8.0, "source": 0, "target": 12}, {"weight": 6.0, "source": 0, "target": 13}, {"weight": 8.0, "source": 0, "target": 14}, {"weight": 2.0, "source": 0, "target": 15}, {"weight": 1.0, "source": 0, "target": 16}, {"weight": 5.0, "source": 0, "target": 17}, {"weight": 5.0, "source": 0, "target": 18}, {"weight": 9.0, "source": 0, "target": 19}, {"weight": 8.0, "source": 0, "target": 20}, {"weight": 9.0, "source": 0, "target": 21}, {"weight": 1.0, "source": 0, "target": 22}, {"weight": 4.0, "source": 0, "target": 23}, {"weight": 6.0, "source": 0, "target": 25}, {"weight": 9.0, "source": 0, "target": 26}, {"weight": 10.0, "source": 0, "target": 27}, {"weight": 9.0, "source": 0, "target": 29}, {"weight": 4.0, "source": 0, "target": 30}, {"weight": 2.0, "source": 0, "target": 31}, {"weight": 9.0, "source": 0, "target": 32}, {"weight": 6.0, "source": 0, "target": 33}, {"weight": 10.0, "source": 0, "target": 37}, {"weight": 2.0, "source": 1, "target": 3}, {"weight": 6.0, "source": 1, "target": 4}, {"weight": 10.0, "source": 1, "target": 5}, {"weight": 8.0, "source": 1, "target": 6}, {"weight": 7.0, "source": 1, "target": 9}, {"weight": 6.0, "source": 1, "target": 11}, {"weight": 4.0, "source": 1, "target": 12}, {"weight": 4.0, "source": 1, "target": 13}, {"weight": 3.0, "source": 1, "target": 14}, {"weight": 5.0, "source": 1, "target": 15}, {"weight": 9.0, "source": 1, "target": 18}, {"weight": 7.0, "source": 1, "target": 19}, {"weight": 9.0, "source": 1, "target": 22}, {"weight": 7.0, "source": 1, "target": 24}, {"weight": 2.0, "source": 1, "target": 25}, {"weight": 7.0, "source": 1, "target": 26}, {"weight": 6.0, "source": 1, "target": 30}, {"weight": 2.0, "source": 1, "target": 31}, {"weight": 2.0, "source": 1, "target": 32}, {"weight": 1.0, "source": 1, "target": 33}, {"weight": 2.0, "source": 1, "target": 34}, {"weight": 7.0, "source": 1, "target": 36}, {"weight": 4.0, "source": 2, "target": 3}, {"weight": 5.0, "source": 2, "target": 4}, {"weight": 3.0, "source": 2, "target": 8}, {"weight": 2.0, "source": 2, "target": 13}, {"weight": 3.0, "source": 2, "target": 14}, {"weight": 8.0, "source": 2, "target": 15}, {"weight": 8.0, "source": 2, "target": 17}, {"weight": 9.0, "source": 2, "target": 18}, {"weight": 7.0, "source": 2, "target": 20}, {"weight": 4.0, "source": 2, "target": 22}, {"weight": 3.0, "source": 2, "target": 23}, {"weight": 8.0, "source": 2, "target": 24}, {"weight": 6.0, "source": 2, "target": 26}, {"weight": 1.0, "source": 2, "target": 28}, {"weight": 9.0, "source": 2, "target": 30}, {"weight": 6.0, "source": 2, "target": 31}, {"weight": 9.0, "source": 2, "target": 32}, {"weight": 8.0, "source": 2, "target": 33}, {"weight": 3.0, "source": 2, "target": 36}, {"weight": 5.0, "source": 3, "target": 4}, {"weight": 1.0, "source": 3, "target": 6}, {"weight": 4.0, "source": 3, "target": 7}, {"weight": 4.0, "source": 3, "target": 8}, {"weight": 9.0, "source": 3, "target": 10}, {"weight": 8.0, "source": 3, "target": 11}, {"weight": 10.0, "source": 3, "target": 13}, {"weight": 10.0, "source": 3, "target": 15}, {"weight": 9.0, "source": 3, "target": 16}, {"weight": 9.0, "source": 3, "target": 19}, {"weight": 4.0, "source": 3, "target": 21}, {"weight": 5.0, "source": 3, "target": 24}, {"weight": 3.0, "source": 3, "target": 25}, {"weight": 2.0, "source": 3, "target": 26}, {"weight": 4.0, "source": 3, "target": 27}, {"weight": 5.0, "source": 3, "target": 29}, {"weight": 8.0, "source": 3, "target": 31}, {"weight": 6.0, "source": 3, "target": 33}, {"weight": 3.0, "source": 3, "target": 34}, {"weight": 1.0, "source": 3, "target": 35}, {"weight": 2.0, "source": 3, "target": 36}, {"weight": 2.0, "source": 3, "target": 37}, {"weight": 9.0, "source": 4, "target": 5}, {"weight": 3.0, "source": 4, "target": 7}, {"weight": 3.0, "source": 4, "target": 8}, {"weight": 2.0, "source": 4, "target": 11}, {"weight": 2.0, "source": 4, "target": 12}, {"weight": 5.0, "source": 4, "target": 13}, {"weight": 8.0, "source": 4, "target": 14}, {"weight": 8.0, "source": 4, "target": 15}, {"weight": 6.0, "source": 4, "target": 19}, {"weight": 5.0, "source": 4, "target": 20}, {"weight": 3.0, "source": 4, "target": 21}, {"weight": 6.0, "source": 4, "target": 23}, {"weight": 9.0, "source": 4, "target": 25}, {"weight": 6.0, "source": 4, "target": 27}, {"weight": 9.0, "source": 4, "target": 29}, {"weight": 10.0, "source": 4, "target": 30}, {"weight": 6.0, "source": 4, "target": 31}, {"weight": 6.0, "source": 4, "target": 32}, {"weight": 1.0, "source": 4, "target": 34}, {"weight": 4.0, "source": 4, "target": 37}, {"weight": 1.0, "source": 5, "target": 6}, {"weight": 2.0, "source": 5, "target": 7}, {"weight": 9.0, "source": 5, "target": 8}, {"weight": 2.0, "source": 5, "target": 9}, {"weight": 9.0, "source": 5, "target": 10}, {"weight": 3.0, "source": 5, "target": 11}, {"weight": 6.0, "source": 5, "target": 12}, {"weight": 4.0, "source": 5, "target": 13}, {"weight": 6.0, "source": 5, "target": 14}, {"weight": 7.0, "source": 5, "target": 15}, {"weight": 9.0, "source": 5, "target": 16}, {"weight": 5.0, "source": 5, "target": 17}, {"weight": 7.0, "source": 5, "target": 19}, {"weight": 9.0, "source": 5, "target": 20}, {"weight": 4.0, "source": 5, "target": 21}, {"weight": 5.0, "source": 5, "target": 22}, {"weight": 9.0, "source": 5, "target": 23}, {"weight": 4.0, "source": 5, "target": 27}, {"weight": 4.0, "source": 5, "target": 29}, {"weight": 3.0, "source": 5, "target": 31}, {"weight": 2.0, "source": 5, "target": 33}, {"weight": 3.0, "source": 5, "target": 34}, {"weight": 5.0, "source": 5, "target": 35}, {"weight": 10.0, "source": 5, "target": 36}, {"weight": 2.0, "source": 6, "target": 7}, {"weight": 8.0, "source": 6, "target": 8}, {"weight": 4.0, "source": 6, "target": 9}, {"weight": 8.0, "source": 6, "target": 11}, {"weight": 5.0, "source": 6, "target": 13}, {"weight": 7.0, "source": 6, "target": 14}, {"weight": 2.0, "source": 6, "target": 15}, {"weight": 8.0, "source": 6, "target": 16}, {"weight": 1.0, "source": 6, "target": 18}, {"weight": 5.0, "source": 6, "target": 23}, {"weight": 7.0, "source": 6, "target": 24}, {"weight": 7.0, "source": 6, "target": 26}, {"weight": 2.0, "source": 6, "target": 27}, {"weight": 6.0, "source": 6, "target": 29}, {"weight": 9.0, "source": 6, "target": 30}, {"weight": 9.0, "source": 6, "target": 31}, {"weight": 2.0, "source": 6, "target": 33}, {"weight": 1.0, "source": 6, "target": 35}, {"weight": 5.0, "source": 6, "target": 37}, {"weight": 9.0, "source": 6, "target": 38}, {"weight": 4.0, "source": 7, "target": 8}, {"weight": 5.0, "source": 7, "target": 9}, {"weight": 4.0, "source": 7, "target": 10}, {"weight": 9.0, "source": 7, "target": 11}, {"weight": 7.0, "source": 7, "target": 12}, {"weight": 6.0, "source": 7, "target": 13}, {"weight": 3.0, "source": 7, "target": 14}, {"weight": 7.0, "source": 7, "target": 15}, {"weight": 4.0, "source": 7, "target": 16}, {"weight": 5.0, "source": 7, "target": 17}, {"weight": 2.0, "source": 7, "target": 22}, {"weight": 5.0, "source": 7, "target": 24}, {"weight": 10.0, "source": 7, "target": 25}, {"weight": 2.0, "source": 7, "target": 26}, {"weight": 1.0, "source": 7, "target": 27}, {"weight": 5.0, "source": 7, "target": 32}, {"weight": 4.0, "source": 7, "target": 33}, {"weight": 3.0, "source": 7, "target": 34}, {"weight": 9.0, "source": 7, "target": 35}, {"weight": 7.0, "source": 7, "target": 36}, {"weight": 3.0, "source": 7, "target": 37}, {"weight": 5.0, "source": 7, "target": 38}, {"weight": 10.0, "source": 8, "target": 9}, {"weight": 6.0, "source": 8, "target": 10}, {"weight": 1.0, "source": 8, "target": 13}, {"weight": 10.0, "source": 8, "target": 14}, {"weight": 8.0, "source": 8, "target": 15}, {"weight": 6.0, "source": 8, "target": 16}, {"weight": 3.0, "source": 8, "target": 18}, {"weight": 10.0, "source": 8, "target": 22}, {"weight": 10.0, "source": 8, "target": 24}, {"weight": 6.0, "source": 8, "target": 26}, {"weight": 6.0, "source": 8, "target": 27}, {"weight": 7.0, "source": 8, "target": 28}, {"weight": 8.0, "source": 8, "target": 29}, {"weight": 10.0, "source": 8, "target": 30}, {"weight": 10.0, "source": 8, "target": 31}, {"weight": 3.0, "source": 8, "target": 32}, {"weight": 6.0, "source": 8, "target": 34}, {"weight": 6.0, "source": 8, "target": 35}, {"weight": 5.0, "source": 8, "target": 36}, {"weight": 10.0, "source": 8, "target": 37}, {"weight": 6.0, "source": 8, "target": 38}, {"weight": 8.0, "source": 9, "target": 12}, {"weight": 6.0, "source": 9, "target": 13}, {"weight": 5.0, "source": 9, "target": 14}, {"weight": 2.0, "source": 9, "target": 15}, {"weight": 5.0, "source": 9, "target": 16}, {"weight": 2.0, "source": 9, "target": 17}, {"weight": 2.0, "source": 9, "target": 18}, {"weight": 5.0, "source": 9, "target": 19}, {"weight": 9.0, "source": 9, "target": 20}, {"weight": 2.0, "source": 9, "target": 21}, {"weight": 8.0, "source": 9, "target": 23}, {"weight": 3.0, "source": 9, "target": 24}, {"weight": 2.0, "source": 9, "target": 25}, {"weight": 6.0, "source": 9, "target": 27}, {"weight": 4.0, "source": 9, "target": 28}, {"weight": 9.0, "source": 9, "target": 29}, {"weight": 5.0, "source": 9, "target": 31}, {"weight": 9.0, "source": 9, "target": 33}, {"weight": 6.0, "source": 9, "target": 35}, {"weight": 10.0, "source": 9, "target": 37}, {"weight": 7.0, "source": 9, "target": 38}, {"weight": 4.0, "source": 10, "target": 11}, {"weight": 2.0, "source": 10, "target": 12}, {"weight": 4.0, "source": 10, "target": 13}, {"weight": 3.0, "source": 10, "target": 14}, {"weight": 2.0, "source": 10, "target": 16}, {"weight": 1.0, "source": 10, "target": 17}, {"weight": 2.0, "source": 10, "target": 21}, {"weight": 3.0, "source": 10, "target": 24}, {"weight": 8.0, "source": 10, "target": 28}, {"weight": 2.0, "source": 10, "target": 29}, {"weight": 10.0, "source": 10, "target": 31}, {"weight": 3.0, "source": 10, "target": 34}, {"weight": 10.0, "source": 10, "target": 35}, {"weight": 4.0, "source": 10, "target": 36}, {"weight": 10.0, "source": 10, "target": 37}, {"weight": 6.0, "source": 11, "target": 12}, {"weight": 9.0, "source": 11, "target": 13}, {"weight": 9.0, "source": 11, "target": 15}, {"weight": 4.0, "source": 11, "target": 20}, {"weight": 10.0, "source": 11, "target": 21}, {"weight": 2.0, "source": 11, "target": 22}, {"weight": 6.0, "source": 11, "target": 23}, {"weight": 3.0, "source": 11, "target": 27}, {"weight": 4.0, "source": 11, "target": 29}, {"weight": 5.0, "source": 11, "target": 30}, {"weight": 3.0, "source": 11, "target": 31}, {"weight": 7.0, "source": 11, "target": 32}, {"weight": 7.0, "source": 11, "target": 33}, {"weight": 3.0, "source": 11, "target": 34}, {"weight": 2.0, "source": 11, "target": 35}, {"weight": 3.0, "source": 11, "target": 37}, {"weight": 10.0, "source": 12, "target": 13}, {"weight": 6.0, "source": 12, "target": 14}, {"weight": 10.0, "source": 12, "target": 15}, {"weight": 6.0, "source": 12, "target": 18}, {"weight": 9.0, "source": 12, "target": 19}, {"weight": 5.0, "source": 12, "target": 21}, {"weight": 5.0, "source": 12, "target": 23}, {"weight": 4.0, "source": 12, "target": 26}, {"weight": 6.0, "source": 12, "target": 27}, {"weight": 5.0, "source": 12, "target": 28}, {"weight": 5.0, "source": 12, "target": 29}, {"weight": 6.0, "source": 12, "target": 33}, {"weight": 6.0, "source": 12, "target": 34}, {"weight": 5.0, "source": 12, "target": 36}, {"weight": 3.0, "source": 13, "target": 14}, {"weight": 10.0, "source": 13, "target": 15}, {"weight": 6.0, "source": 13, "target": 16}, {"weight": 1.0, "source": 13, "target": 17}, {"weight": 7.0, "source": 13, "target": 18}, {"weight": 7.0, "source": 13, "target": 20}, {"weight": 3.0, "source": 13, "target": 21}, {"weight": 5.0, "source": 13, "target": 22}, {"weight": 3.0, "source": 13, "target": 23}, {"weight": 10.0, "source": 13, "target": 26}, {"weight": 6.0, "source": 13, "target": 29}, {"weight": 3.0, "source": 13, "target": 30}, {"weight": 5.0, "source": 13, "target": 32}, {"weight": 5.0, "source": 13, "target": 34}, {"weight": 1.0, "source": 13, "target": 36}, {"weight": 6.0, "source": 13, "target": 37}, {"weight": 2.0, "source": 13, "target": 38}, {"weight": 1.0, "source": 14, "target": 15}, {"weight": 7.0, "source": 14, "target": 17}, {"weight": 8.0, "source": 14, "target": 20}, {"weight": 1.0, "source": 14, "target": 21}, {"weight": 8.0, "source": 14, "target": 22}, {"weight": 10.0, "source": 14, "target": 25}, {"weight": 2.0, "source": 14, "target": 26}, {"weight": 10.0, "source": 14, "target": 30}, {"weight": 7.0, "source": 14, "target": 31}, {"weight": 10.0, "source": 14, "target": 32}, {"weight": 3.0, "source": 14, "target": 33}, {"weight": 8.0, "source": 14, "target": 34}, {"weight": 9.0, "source": 14, "target": 35}, {"weight": 2.0, "source": 14, "target": 37}, {"weight": 7.0, "source": 14, "target": 38}, {"weight": 5.0, "source": 15, "target": 16}, {"weight": 7.0, "source": 15, "target": 18}, {"weight": 10.0, "source": 15, "target": 20}, {"weight": 3.0, "source": 15, "target": 21}, {"weight": 6.0, "source": 15, "target": 22}, {"weight": 9.0, "source": 15, "target": 23}, {"weight": 4.0, "source": 15, "target": 24}, {"weight": 1.0, "source": 15, "target": 27}, {"weight": 2.0, "source": 15, "target": 28}, {"weight": 10.0, "source": 15, "target": 32}, {"weight": 2.0, "source": 15, "target": 33}, {"weight": 5.0, "source": 15, "target": 34}, {"weight": 9.0, "source": 15, "target": 36}, {"weight": 3.0, "source": 15, "target": 37}, {"weight": 9.0, "source": 15, "target": 38}, {"weight": 1.0, "source": 16, "target": 17}, {"weight": 4.0, "source": 16, "target": 18}, {"weight": 6.0, "source": 16, "target": 19}, {"weight": 6.0, "source": 16, "target": 21}, {"weight": 10.0, "source": 16, "target": 22}, {"weight": 1.0, "source": 16, "target": 24}, {"weight": 10.0, "source": 16, "target": 25}, {"weight": 3.0, "source": 16, "target": 26}, {"weight": 2.0, "source": 16, "target": 29}, {"weight": 4.0, "source": 16, "target": 30}, {"weight": 9.0, "source": 16, "target": 31}, {"weight": 6.0, "source": 16, "target": 32}, {"weight": 9.0, "source": 16, "target": 35}, {"weight": 7.0, "source": 16, "target": 36}, {"weight": 6.0, "source": 16, "target": 37}, {"weight": 6.0, "source": 16, "target": 38}, {"weight": 9.0, "source": 17, "target": 18}, {"weight": 3.0, "source": 17, "target": 19}, {"weight": 4.0, "source": 17, "target": 20}, {"weight": 2.0, "source": 17, "target": 21}, {"weight": 9.0, "source": 17, "target": 23}, {"weight": 8.0, "source": 17, "target": 24}, {"weight": 3.0, "source": 17, "target": 26}, {"weight": 6.0, "source": 17, "target": 27}, {"weight": 8.0, "source": 17, "target": 28}, {"weight": 1.0, "source": 17, "target": 29}, {"weight": 3.0, "source": 17, "target": 30}, {"weight": 1.0, "source": 17, "target": 33}, {"weight": 10.0, "source": 17, "target": 34}, {"weight": 10.0, "source": 17, "target": 36}, {"weight": 7.0, "source": 17, "target": 37}, {"weight": 4.0, "source": 17, "target": 38}, {"weight": 7.0, "source": 18, "target": 20}, {"weight": 5.0, "source": 18, "target": 21}, {"weight": 8.0, "source": 18, "target": 22}, {"weight": 8.0, "source": 18, "target": 23}, {"weight": 10.0, "source": 18, "target": 25}, {"weight": 9.0, "source": 18, "target": 26}, {"weight": 7.0, "source": 18, "target": 28}, {"weight": 4.0, "source": 18, "target": 29}, {"weight": 6.0, "source": 18, "target": 30}, {"weight": 6.0, "source": 18, "target": 32}, {"weight": 2.0, "source": 18, "target": 35}, {"weight": 9.0, "source": 18, "target": 37}, {"weight": 6.0, "source": 18, "target": 38}, {"weight": 10.0, "source": 19, "target": 20}, {"weight": 2.0, "source": 19, "target": 21}, {"weight": 7.0, "source": 19, "target": 22}, {"weight": 1.0, "source": 19, "target": 23}, {"weight": 5.0, "source": 19, "target": 24}, {"weight": 5.0, "source": 19, "target": 25}, {"weight": 3.0, "source": 19, "target": 26}, {"weight": 8.0, "source": 19, "target": 28}, {"weight": 10.0, "source": 19, "target": 29}, {"weight": 5.0, "source": 19, "target": 31}, {"weight": 1.0, "source": 19, "target": 32}, {"weight": 7.0, "source": 19, "target": 33}, {"weight": 2.0, "source": 19, "target": 34}, {"weight": 1.0, "source": 19, "target": 35}, {"weight": 1.0, "source": 19, "target": 36}, {"weight": 2.0, "source": 20, "target": 21}, {"weight": 9.0, "source": 20, "target": 22}, {"weight": 2.0, "source": 20, "target": 23}, {"weight": 10.0, "source": 20, "target": 25}, {"weight": 9.0, "source": 20, "target": 26}, {"weight": 3.0, "source": 20, "target": 27}, {"weight": 6.0, "source": 20, "target": 28}, {"weight": 5.0, "source": 20, "target": 29}, {"weight": 5.0, "source": 20, "target": 30}, {"weight": 1.0, "source": 20, "target": 31}, {"weight": 2.0, "source": 20, "target": 32}, {"weight": 6.0, "source": 20, "target": 33}, {"weight": 8.0, "source": 20, "target": 34}, {"weight": 4.0, "source": 20, "target": 36}, {"weight": 5.0, "source": 20, "target": 37}, {"weight": 9.0, "source": 21, "target": 23}, {"weight": 6.0, "source": 21, "target": 24}, {"weight": 8.0, "source": 21, "target": 26}, {"weight": 1.0, "source": 21, "target": 27}, {"weight": 5.0, "source": 21, "target": 29}, {"weight": 4.0, "source": 21, "target": 30}, {"weight": 8.0, "source": 21, "target": 31}, {"weight": 6.0, "source": 21, "target": 32}, {"weight": 6.0, "source": 21, "target": 33}, {"weight": 10.0, "source": 21, "target": 34}, {"weight": 4.0, "source": 21, "target": 35}, {"weight": 4.0, "source": 21, "target": 36}, {"weight": 5.0, "source": 21, "target": 37}, {"weight": 1.0, "source": 21, "target": 38}, {"weight": 9.0, "source": 22, "target": 23}, {"weight": 3.0, "source": 22, "target": 24}, {"weight": 3.0, "source": 22, "target": 25}, {"weight": 3.0, "source": 22, "target": 26}, {"weight": 7.0, "source": 22, "target": 28}, {"weight": 10.0, "source": 22, "target": 30}, {"weight": 9.0, "source": 22, "target": 31}, {"weight": 1.0, "source": 22, "target": 32}, {"weight": 7.0, "source": 22, "target": 34}, {"weight": 4.0, "source": 22, "target": 35}, {"weight": 8.0, "source": 22, "target": 37}, {"weight": 6.0, "source": 22, "target": 38}, {"weight": 10.0, "source": 23, "target": 24}, {"weight": 10.0, "source": 23, "target": 25}, {"weight": 7.0, "source": 23, "target": 27}, {"weight": 5.0, "source": 23, "target": 29}, {"weight": 10.0, "source": 23, "target": 30}, {"weight": 10.0, "source": 23, "target": 31}, {"weight": 3.0, "source": 23, "target": 32}, {"weight": 3.0, "source": 23, "target": 33}, {"weight": 6.0, "source": 23, "target": 36}, {"weight": 9.0, "source": 23, "target": 37}, {"weight": 3.0, "source": 23, "target": 38}, {"weight": 7.0, "source": 24, "target": 25}, {"weight": 4.0, "source": 24, "target": 27}, {"weight": 6.0, "source": 24, "target": 28}, {"weight": 8.0, "source": 24, "target": 29}, {"weight": 4.0, "source": 24, "target": 33}, {"weight": 6.0, "source": 24, "target": 35}, {"weight": 9.0, "source": 24, "target": 37}, {"weight": 3.0, "source": 24, "target": 38}, {"weight": 3.0, "source": 25, "target": 26}, {"weight": 9.0, "source": 25, "target": 27}, {"weight": 5.0, "source": 25, "target": 29}, {"weight": 2.0, "source": 25, "target": 33}, {"weight": 2.0, "source": 25, "target": 34}, {"weight": 9.0, "source": 25, "target": 35}, {"weight": 1.0, "source": 25, "target": 37}, {"weight": 2.0, "source": 25, "target": 38}, {"weight": 7.0, "source": 26, "target": 27}, {"weight": 7.0, "source": 26, "target": 28}, {"weight": 2.0, "source": 26, "target": 30}, {"weight": 10.0, "source": 26, "target": 33}, {"weight": 2.0, "source": 26, "target": 34}, {"weight": 6.0, "source": 26, "target": 36}, {"weight": 9.0, "source": 27, "target": 28}, {"weight": 8.0, "source": 27, "target": 29}, {"weight": 5.0, "source": 27, "target": 30}, {"weight": 6.0, "source": 27, "target": 32}, {"weight": 2.0, "source": 27, "target": 33}, {"weight": 7.0, "source": 27, "target": 36}, {"weight": 1.0, "source": 28, "target": 31}, {"weight": 9.0, "source": 28, "target": 32}, {"weight": 6.0, "source": 28, "target": 34}, {"weight": 9.0, "source": 28, "target": 35}, {"weight": 9.0, "source": 28, "target": 38}, {"weight": 5.0, "source": 29, "target": 30}, {"weight": 5.0, "source": 29, "target": 31}, {"weight": 6.0, "source": 29, "target": 36}, {"weight": 10.0, "source": 29, "target": 37}, {"weight": 3.0, "source": 29, "target": 38}, {"weight": 2.0, "source": 30, "target": 31}, {"weight": 8.0, "source": 30, "target": 32}, {"weight": 8.0, "source": 30, "target": 33}, {"weight": 8.0, "source": 30, "target": 34}, {"weight": 4.0, "source": 30, "target": 36}, {"weight": 8.0, "source": 30, "target": 37}, {"weight": 3.0, "source": 30, "target": 38}, {"weight": 5.0, "source": 31, "target": 32}, {"weight": 10.0, "source": 31, "target": 33}, {"weight": 8.0, "source": 31, "target": 34}, {"weight": 3.0, "source": 31, "target": 36}, {"weight": 10.0, "source": 31, "target": 38}, {"weight": 5.0, "source": 32, "target": 33}, {"weight": 4.0, "source": 32, "target": 34}, {"weight": 3.0, "source": 32, "target": 35}, {"weight": 9.0, "source": 32, "target": 36}, {"weight": 6.0, "source": 32, "target": 37}, {"weight": 5.0, "source": 32, "target": 38}, {"weight": 3.0, "source": 33, "target": 34}, {"weight": 1.0, "source": 33, "target": 35}, {"weight": 2.0, "source": 33, "target": 36}, {"weight": 9.0, "source": 33, "target": 38}, {"weight": 9.0, "source": 34, "target": 36}, {"weight": 1.0, "source": 34, "target": 37}, {"weight": 2.0, "source": 34, "target": 38}, {"weight": 3.0, "source": 35, "target": 36}, {"weight": 7.0, "source": 35, "target": 37}, {"weight": 3.0, "source": 36, "target": 37}, {"weight": 9.0, "source": 36, "target": 38}]}